ID1,CMD1region
77,3
94,5
102,5
106,5
117,5
125,2
126,2
131,2
134,2
144,2
149,1
153,5
154,1
158,2
159,1
160,1
161,2
164,5
166,2
167,2
168,2
175,2
176,1
177,1
178,2
179,2
180,5
181,1
183,1
184,1
185,1
186,1
188,3
190,1
191,1
192,1
193,1
195,1
196,2
197,1
199,1
200,1
201,1
202,1
203,5
204,1
207,1
208,1
209,2
210,3
211,2
212,2
213,1
214,1
215,2
216,1
217,2
218,2
219,2
220,1
222,1
223,1
224,1
225,1
227,1
228,2
229,1
231,1
232,1
233,1
235,1
237,1
238,1
240,1
241,2
242,1
243,5
244,1
245,1
246,2
247,1
248,3
250,2
251,1
254,1
255,2
256,2
257,2
258,2
259,1
260,2
261,2
262,5
263,1
265,1
266,1
267,1
269,1
270,5
271,1
273,1
275,1
277,1
278,1
280,2
281,1
283,1
285,1
286,5
288,1
290,1
292,1
293,2
294,1
296,1
297,1
298,1
299,5
300,1
301,1
303,2
304,1
305,1
306,1
309,1
310,1
311,2
312,2
313,5
316,5
317,1
318,1
319,5
320,2
321,1
322,2
323,5
326,1
327,5
329,2
330,1
332,1
333,1
334,2
335,1
336,2
337,1
338,2
339,2
340,1
341,1
342,5
343,1
345,1
346,3
348,5
350,5
351,5
352,1
353,2
354,1
355,1
357,2
358,2
359,1
360,1
361,5
363,1
364,1
365,5
366,1
367,5
368,5
369,1
371,1
372,1
373,1
374,1
376,1
378,1
379,2
380,1
382,1
383,1
384,1
385,5
386,1
388,1
391,1
392,2
393,1
394,1
395,1
396,1
397,1
399,5
400,2
401,3
402,4
405,2
406,5
407,5
409,1
410,1
411,5
412,1
413,2
414,1
415,1
416,1
417,5
418,1
420,2
421,5
422,1
423,1
424,2
426,2
427,1
428,1
429,1
430,2
431,1
432,2
433,1
435,4
437,5
438,2
439,5
440,2
441,1
442,5
444,2
446,1
447,2
449,2
450,1
451,5
453,2
456,5
457,2
458,1
459,1
460,1
461,1
463,2
464,3
466,2
467,1
468,2
469,1
470,2
472,1
473,1
474,1
477,1
479,1
480,1
481,5
482,1
483,1
488,5
489,1
490,2
491,2
492,1
493,1
494,1
495,5
496,2
497,1
498,5
499,1
500,2
501,1
502,1
504,2
505,5
507,2
508,5
509,2
510,1
511,1
512,4
513,1
514,1
516,3
517,2
519,3
520,1
522,2
524,1
525,2
526,2
527,2
529,1
532,3
533,1
534,2
535,1
536,1
537,3
538,1
539,1
540,5
541,1
542,2
543,1
544,2
545,2
546,4
547,2
548,1
549,1
551,1
552,2
553,2
554,2
555,1
556,1
557,1
558,1
559,1
560,1
561,1
562,1
563,2
565,5
566,2
567,1
570,2
571,1
572,1
573,2
574,1
575,3
576,1
577,2
579,1
580,2
581,1
582,4
583,1
584,4
585,3
586,1
587,3
588,1
589,4
590,2
591,3
592,1
593,5
594,2
595,5
596,1
598,2
599,1
601,1
602,1
603,1
605,1
606,2
607,1
608,5
609,2
610,1
614,3
615,1
616,5
617,1
618,5
619,2
620,5
621,1
623,1
624,1
625,2
626,1
627,4
628,1
629,1
630,1
631,5
632,4
634,2
635,1
636,4
637,1
639,1
640,1
641,1
642,1
643,5
645,2
647,1
648,2
650,1
651,2
652,1
653,3
654,5
655,1
656,2
657,2
658,3
659,2
660,2
661,5
663,1
664,3
666,1
667,1
668,1
669,1
671,1
672,1
673,1
674,1
675,1
676,4
678,1
679,1
680,1
681,2
682,2
685,5
686,1
687,1
688,2
689,4
690,1
691,1
692,5
693,2
694,5
695,1
696,1
698,1
701,1
702,1
703,4
704,2
705,2
706,1
707,4
708,1
709,1
710,2
711,3
712,3
713,2
714,1
715,1
716,1
717,1
718,1
719,1
720,1
722,4
723,1
724,3
726,1
728,1
729,2
730,1
731,1
733,4
734,5
735,1
736,2
737,4
738,1
740,3
741,1
742,1
743,2
744,2
745,1
746,2
747,2
748,2
749,1
750,1
751,5
752,2
754,1
755,1
756,1
757,3
761,1
762,3
764,1
765,1
766,1
767,2
768,2
769,2
770,1
771,5
772,1
773,1
774,2
776,1
777,4
778,2
779,1
780,1
781,1
783,5
785,4
786,1
787,4
788,2
790,1
791,2
792,4
793,2
794,4
795,1
796,4
797,1
798,2
800,4
801,2
802,3
803,1
804,1
805,1
806,4
807,2
808,2
809,3
810,1
811,5
812,5
813,4
814,1
816,1
817,2
818,2
819,4
820,2
821,4
822,4
823,1
824,2
825,2
828,1
829,1
830,1
831,2
832,2
833,2
834,1
835,4
836,4
839,1
840,2
841,2
843,2
844,1
845,2
846,2
847,1
848,1
849,4
850,1
852,4
853,1
854,1
855,2
856,4
857,5
858,1
859,1
860,2
861,2
862,3
863,1
864,4
865,1
866,2
867,1
868,2
869,3
870,2
871,1
872,1
873,4
874,3
875,3
876,1
877,4
879,1
880,1
881,3
882,1
883,4
884,4
885,1
887,2
888,1
889,4
890,1
891,3
892,4
893,2
894,2
896,1
897,2
898,1
899,2
901,1
902,2
903,4
904,2
905,1
906,4
907,4
908,1
909,2
910,1
911,4
913,4
914,1
915,4
916,4
917,4
918,1
920,1
921,4
922,2
923,4
924,4
925,2
926,1
927,1
928,2
929,1
930,4
931,4
932,1
933,4
934,1
935,4
936,5
938,2
940,2
942,4
943,1
944,2
945,1
946,4
947,2
948,1
950,1
951,4
952,1
953,1
954,2
955,3
956,1
957,4
958,1
959,1
960,1
961,4
962,1
963,4
964,2
965,4
966,2
967,3
969,4
970,2
971,4
972,1
973,4
974,1
975,4
976,2
978,2
979,4
980,1
981,1
982,1
983,1
984,1
985,1
986,2
987,1
988,4
989,1
990,1
991,4
992,4
993,2
995,1
996,1
997,3
998,2
999,1
1001,4
1002,1
1003,2
1005,4
1006,4
1007,1
1008,4
1009,1
1010,4
1011,3
1012,1
1013,1
1014,4
1015,2
1016,1
1017,2
1020,1
1021,4
1022,1
1023,3
1025,1
1026,1
1027,1
1028,1
1029,3
1030,1
1032,2
1033,2
1035,2
1038,1
1039,2
1040,1
1041,1
1042,1
1043,1
1045,1
1046,4
1047,1
1048,1
1049,1
1050,4
1051,2
1052,4
1053,1
1054,1
1055,4
1057,2
1058,4
1060,1
1062,2
1063,1
1064,1
1065,2
1066,1
1067,2
1068,5
1069,1
1070,5
1071,1
1072,4
1074,1
1075,4
1076,4
1077,4
1080,1
1081,2
1082,2
1083,1
1084,1
1086,1
1087,1
1088,1
1089,1
1090,4
1091,5
1093,4
1095,1
1096,2
1097,2
1098,4
1100,4
1101,1
1102,1
1103,4
1104,1
1105,2
1107,2
1108,3
1110,1
1111,5
1112,1
1113,2
1114,2
1115,1
1116,4
1117,4
1119,2
1120,2
1123,4
1124,4
1125,1
1126,1
1127,1
1128,2
1129,4
1130,1
1133,4
1134,2
1135,4
1136,1
1138,1
1140,2
1141,2
1142,1
1143,2
1144,2
1146,3
1147,1
1148,1
1149,4
1150,1
1151,1
1152,2
1153,1
1154,5
1155,4
1156,1
1157,4
1158,1
1159,1
1160,5
1161,2
1162,2
1163,4
1164,2
1167,2
1168,1
1170,1
1171,1
1172,1
1175,5
1177,1
1178,1
1179,1
1180,1
1181,4
1182,1
1183,4
1184,4
1185,3
1186,5
1188,4
1189,4
1190,1
1191,1
1192,4
1193,1
1194,2
1195,4
1196,5
1197,2
1198,3
1201,3
1202,4
1205,4
1206,1
1207,1
1208,2
1209,2
1210,2
1212,2
1213,1
1214,4
1215,2
1216,1
1217,4
1218,1
1219,4
1220,5
1223,1
1224,1
1225,3
1226,1
1227,1
1228,1
1229,1
1230,2
1232,4
1233,1
1235,4
1236,2
1237,4
1238,1
1239,4
1240,2
1241,4
1242,4
1244,2
1245,1
1246,2
1247,1
1248,2
1249,1
1251,4
1252,1
1253,4
1255,1
1257,4
1258,4
1259,1
1260,1
1262,2
1263,2
1264,4
1265,4
1266,1
1269,4
1271,4
1274,1
1275,1
1276,2
1277,4
1278,4
1279,1
1280,4
1281,2
1283,4
1284,1
1287,1
1288,1
1289,4
1290,1
1291,4
1293,4
1294,4
1295,1
1297,2
1299,1
1300,4
1301,2
1302,2
1303,2
1305,1
1307,4
1308,2
1309,1
1310,4
1311,5
1313,1
1315,1
1316,5
1317,2
1320,4
1321,3
1322,2
1323,4
1324,4
1325,2
1326,2
1327,5
1328,2
1329,2
1330,1
1331,2
1332,4
1333,4
1334,4
1335,1
1337,2
1338,2
1339,1
1340,4
1341,2
1342,2
1344,2
1346,5
1347,4
1348,1
1349,4
1351,2
1352,2
1353,2
1354,1
1355,1
1356,4
1357,4
1358,3
1359,1
1360,1
1362,4
1363,2
1364,1
1366,2
1367,1
1368,3
1370,4
1371,2
1372,2
1373,4
1374,1
1375,2
1376,1
1377,1
1378,4
1379,4
1380,2
1381,2
1383,1
1384,1
1385,1
1386,4
1387,2
1388,1
1389,4
1390,1
1391,3
1393,1
1394,2
1395,3
1396,2
1397,1
1398,4
1400,4
1401,4
1402,4
1403,2
1404,3
1405,2
1406,1
1407,1
1408,2
1409,1
1410,4
1412,3
1413,4
1414,1
1415,1
1416,4
1417,4
1418,4
1419,4
1420,1
1421,2
1423,1
1424,4
1425,4
1426,1
1427,1
1428,2
1429,4
1430,4
1432,1
1433,4
1434,4
1435,1
1436,2
1437,2
1438,2
1439,4
1440,4
1441,4
1442,4
1443,4
1444,2
1445,4
1447,4
1448,4
1449,1
1450,2
1451,2
1452,4
1453,1
1454,4
1455,1
1456,4
1457,2
1460,1
1462,2
1463,1
1464,4
1465,4
1466,4
1467,2
1468,2
1469,1
1471,3
1472,3
1473,5
1474,1
1475,1
1476,1
1477,2
1478,4
1479,2
1480,2
1481,2
1482,4
1483,2
1484,4
1485,1
1487,2
1489,3
1491,2
1492,4
1493,2
1494,2
1495,1
1496,1
1497,5
1499,1
1500,4
1501,1
1502,1
1503,1
1504,1
1505,4
1507,3
1508,2
1509,2
1510,4
1512,1
1513,2
1514,1
1516,1
1517,1
1518,1
1519,1
1520,1
1521,1
1522,4
1523,4
1524,1
1526,2
1527,1
1528,2
1529,4
1530,4
1531,1
1532,4
1534,4
1535,2
1537,4
1539,3
1540,4
1541,2
1542,4
1545,1
1546,2
1547,2
1548,4
1549,2
1550,1
1553,4
1554,1
1556,4
1557,2
1559,1
1560,2
1562,1
1563,4
1564,4
1565,1
1567,3
1568,2
1570,1
1571,2
1572,2
1573,1
1574,4
1576,4
1577,4
1578,2
1579,4
1580,2
1581,2
1582,4
1583,4
1585,2
1587,1
1588,4
1589,4
1590,1
1591,1
1592,4
1593,1
1594,4
1595,5
1596,4
1597,1
1598,1
1599,2
1600,1
1601,4
1603,1
1604,1
1605,2
1606,2
1607,2
1609,1
1610,4
1611,1
1612,4
1613,3
1614,4
1615,4
1616,2
1617,3
1619,1
1620,1
1621,4
1624,2
1625,4
1627,2
1628,4
1631,5
1632,3
1635,1
1636,1
1637,1
1638,1
1639,1
1640,4
1643,2
1644,1
1645,2
1646,2
1647,1
1648,1
1649,1
1650,1
1651,2
1652,1
1654,1
1655,1
1656,3
1657,3
1658,4
1659,2
1660,2
1661,1
1662,4
1664,1
1665,4
1666,4
1668,1
1669,2
1670,2
1671,4
1672,4
1673,1
1674,4
1675,2
1676,2
1677,4
1678,4
1679,1
1680,4
1681,2
1683,4
1684,4
1685,2
1686,1
1687,2
1690,4
1693,1
1694,3
1695,2
1696,3
1697,4
1698,2
1699,1
1700,3
1702,2
1704,2
1705,1
1707,2
1708,1
1709,4
1710,3
1711,4
1712,1
1714,4
1715,1
1716,1
1717,1
1719,4
1720,1
1721,4
1722,4
1723,2
1724,1
1726,4
1728,1
1729,2
1730,2
1731,4
1732,1
1733,3
1735,4
1736,2
1737,1
1738,4
1739,1
1740,4
1741,2
1742,2
1743,2
1745,3
1746,4
1748,1
1749,1
1750,1
1751,4
1752,1
1753,3
1754,1
1755,2
1757,1
1759,4
1760,2
1761,2
1762,1
1763,4
1765,1
1767,3
1768,1
1769,2
1770,1
1771,2
1772,1
1773,2
1774,4
1775,1
1776,1
1778,1
1779,2
1780,3
1781,2
1782,4
1783,1
1784,5
1785,1
1786,4
1788,2
1789,3
1790,4
1791,2
1792,2
1793,4
1794,2
1795,4
1796,2
1797,1
1798,1
1799,1
1800,1
1801,4
1802,4
1803,4
1804,1
1805,1
1806,1
1807,4
1808,2
1809,3
1810,4
1811,2
1812,1
1813,2
1814,2
1815,2
1816,2
1817,2
1819,4
1820,1
1821,4
1822,2
1823,4
1824,2
1825,4
1826,4
1827,4
1829,4
1830,1
1831,4
1832,4
1833,2
1835,4
1836,1
1837,1
1839,2
1843,4
1844,1
1845,2
1846,1
1847,1
1848,4
1849,1
1850,2
1851,1
1853,2
1854,4
1857,1
1860,1
1861,2
1862,4
1864,2
1865,1
1866,2
1868,1
1869,1
1870,1
1871,4
1872,4
1873,4
1875,4
1876,2
1877,1
1879,1
1881,2
1882,1
1884,4
1885,4
1887,1
1888,4
1889,1
1890,3
1891,3
1893,2
1894,1
1895,4
1899,1
1900,2
1901,1
1902,1
1903,4
1904,3
1907,2
1908,4
1909,2
1910,1
1911,4
1912,1
1913,4
1914,2
1915,1
1917,4
1918,2
1919,4
1920,4
1921,4
1922,4
1923,2
1924,1
1926,2
1927,4
1928,1
1929,4
1930,4
1932,1
1933,2
1936,4
1937,2
1938,2
1940,1
1943,4
1944,1
1945,2
1947,2
1948,4
1949,2
1950,1
1951,4
1953,2
1954,1
1955,1
1956,1
1957,2
1958,4
1959,4
1961,1
1962,1
1964,1
1965,2
1966,1
1967,2
1968,4
1969,5
1970,4
1971,1
1974,2
1975,3
1976,2
1977,1
1978,1
1979,4
1980,2
1982,1
1983,2
1984,2
1985,4
1986,4
1987,2
1988,2
1990,2
1991,2
1994,1
1995,5
1996,1
1999,4
2000,2
2002,1
2003,1
2004,1
2005,1
2006,2
2007,1
2009,4
2011,3
2012,1
2013,2
2014,2
2015,2
2016,4
2017,2
2018,1
2019,2
2020,2
2022,4
2023,1
2026,4
2027,4
2030,1
2031,2
2032,2
2033,1
2034,2
2035,3
2036,2
2037,2
2038,1
2039,4
2040,4
2041,1
2043,2
2045,2
2046,2
2047,2
2048,1
2050,1
2051,2
2052,4
2053,1
2056,2
2058,1
2059,2
2060,1
2061,4
2062,2
2063,2
2064,2
2065,4
2066,2
2067,1
2068,4
2069,4
2070,3
2072,2
2073,2
2074,1
2075,2
2076,1
2077,1
2079,4
2080,1
2081,1
2082,1
2083,2
2085,2
2086,1
2087,2
2088,4
2089,4
2090,4
2091,4
2092,2
2093,4
2094,1
2095,5
2096,4
2099,2
2101,4
2102,1
2103,1
2104,4
2105,1
2106,2
2107,2
2108,2
2109,4
2110,4
2112,1
2113,1
2114,1
2117,4
2119,2
2120,4
2121,2
2122,2
2123,1
2124,1
2125,1
2126,2
2127,1
2128,1
2129,4
2131,4
2133,2
2134,1
2135,1
2136,2
2138,5
2140,4
2141,1
2142,2
2143,1
2144,1
2145,2
2146,1
2147,4
2148,1
2149,1
2150,4
2151,2
2152,5
2153,1
2154,4
2155,4
2157,2
2158,3
2159,1
2160,5
2161,1
2163,2
2164,2
2165,2
2166,2
2167,1
2168,4
2169,4
2170,3
2171,2
2172,4
2174,1
2175,4
2176,4
2177,2
2178,1
2179,1
2180,4
2184,4
2186,2
2187,1
2188,4
2189,4
2190,2
2193,4
2196,2
2198,1
2199,4
2200,4
2201,2
2203,1
2204,1
2205,2
2207,1
2208,1
2209,4
2210,4
2212,3
2213,4
2214,2
2215,1
2218,3
2219,2
2222,2
2223,3
2225,1
2227,4
2229,4
2230,1
2231,1
2232,1
2234,2
2236,2
2237,2
2238,1
2239,5
2240,2
2241,2
2242,1
2243,1
2244,1
2245,2
2246,2
2247,2
2250,2
2251,2
2253,2
2254,1
2256,1
2257,1
2258,4
2260,1
2261,4
2262,1
2263,2
2264,1
2265,2
2266,1
2268,1
2269,2
2270,1
2272,5
2273,4
2275,1
2276,1
2277,4
2278,3
2280,4
2281,3
2282,4
2283,4
2284,3
2285,2
2286,4
2287,4
2288,4
2289,1
2291,2
2292,2
2293,1
2295,4
2296,4
2299,2
2300,2
2301,1
2302,1
2303,4
2304,4
2305,4
2306,2
2307,2
2308,1
2309,1
2310,1
2311,4
2312,1
2313,1
2314,4
2315,2
2317,1
2318,4
2319,1
2320,1
2322,5
2323,1
2324,2
2325,4
2326,4
2327,2
2328,2
2329,4
2330,2
2332,2
2333,1
2334,4
2335,3
2337,2
2340,1
2342,1
2344,2
2345,1
2348,2
2349,4
2350,2
2351,2
2352,2
2353,1
2354,4
2355,3
2356,2
2357,1
2358,2
2359,2
2362,1
2363,4
2364,4
2366,4
2367,4
2368,4
2369,3
2370,4
2371,1
2372,2
2373,4
2374,1
2375,2
2377,5
2378,1
2379,2
2383,2
2384,1
2386,4
2387,2
2388,2
2389,3
2390,4
2392,3
2394,2
2395,2
2396,4
2397,4
2398,1
2400,1
2401,1
2402,3
2403,4
2404,4
2405,4
2406,4
2407,4
2410,1
2411,3
2412,2
2413,2
2414,1
2415,4
2416,4
2417,2
2418,4
2419,4
2420,2
2421,4
2425,1
2426,1
2428,2
2429,3
2430,2
2432,4
2433,2
2435,1
2436,1
2437,1
2438,1
2440,2
2441,4
2442,4
2444,4
2446,2
2447,2
2448,2
2449,4
2450,2
2451,2
2455,2
2456,4
2457,4
2458,2
2459,1
2460,2
2463,2
2464,1
2465,4
2468,4
2469,2
2470,1
2472,4
2473,1
2475,1
2476,2
2477,1
2479,1
2480,1
2481,4
2485,1
2486,2
2487,2
2489,1
2490,4
2492,2
2493,3
2494,4
2495,1
2496,3
2497,2
2498,2
2499,4
2501,4
2502,4
2503,2
2504,4
2505,1
2506,1
2507,2
2508,2
2509,2
2510,2
2511,1
2512,4
2513,2
2514,1
2515,2
2516,1
2517,2
2518,1
2519,1
2520,4
2521,1
2524,4
2525,1
2526,4
2527,4
2528,3
2530,1
2531,3
2533,3
2534,4
2535,4
2539,4
2540,1
2541,1
2542,1
2543,2
2544,1
2545,3
2546,3
2547,2
2548,2
2549,2
2550,1
2552,2
2554,4
2556,2
2557,1
2560,4
2561,1
2562,4
2563,1
2565,1
2566,4
2567,2
2568,2
2570,1
2571,3
2572,2
2573,1
2574,4
2575,2
2576,4
2577,1
2578,1
2579,2
2580,4
2581,2
2582,4
2583,4
2584,2
2586,2
2587,1
2588,4
2589,4
2590,1
2591,1
2592,2
2594,1
2596,4
2598,4
2599,4
2601,4
2602,2
2603,3
2604,4
2605,1
2606,1
2607,2
2609,2
2610,4
2611,2
2612,1
2613,2
2614,2
2615,4
2616,1
2617,2
2618,2
2619,5
2620,4
2621,2
2622,4
2623,2
2624,2
2625,4
2626,1
2627,4
2628,2
2629,2
2631,3
2632,2
2633,2
2635,2
2636,3
2637,2
2640,3
2641,1
2642,1
2643,1
2645,2
2646,4
2648,4
2650,1
2652,1
2653,2
2654,2
2655,4
2656,2
2658,4
2660,4
2661,2
2664,2
2665,4
2666,4
2669,4
2670,3
2672,4
2675,1
2677,4
2678,4
2680,2
2681,2
2682,4
2683,1
2684,1
2685,4
2686,4
2689,3
2690,2
2691,2
2692,2
2693,4
2694,2
2695,1
2696,3
2697,1
2699,1
2701,2
2702,3
2703,4
2704,4
2705,1
2706,2
2707,1
2708,2
2710,3
2711,1
2713,4
2714,4
2715,4
2717,4
2718,4
2719,2
2720,2
2721,2
2725,4
2726,4
2727,4
2728,2
2729,4
2731,1
2734,1
2738,2
2739,1
2740,1
2741,4
2743,1
2745,4
2746,1
2747,1
2749,2
2751,2
2753,2
2754,1
2755,3
2756,2
2757,1
2759,1
2762,3
2763,2
2764,4
2766,3
2767,3
2768,3
2769,1
2770,3
2771,3
2772,2
2773,4
2774,2
2775,3
2776,2
2777,2
2778,3
2779,2
2780,1
2782,1
2783,2
2784,4
2785,3
2787,2
2789,1
2790,1
2791,2
2792,2
2793,2
2794,3
2795,4
2797,1
2798,1
2799,2
2801,1
2802,2
2804,1
2806,1
2807,3
2808,2
2809,4
2810,2
2812,3
2813,4
2814,2
2816,4
2817,1
2819,3
2820,4
2821,3
2822,1
2823,2
2824,2
2826,2
2828,1
2829,4
2830,2
2832,2
2836,2
2837,4
2838,2
2839,1
2843,3
2844,2
2846,3
2847,4
2848,4
2849,1
2850,2
2851,3
2852,2
2853,4
2854,3
2855,3
2857,1
2858,2
2859,2
2860,4
2861,4
2862,2
2863,2
2865,4
2866,1
2867,1
2869,3
2872,1
2874,1
2875,4
2877,2
2878,4
2879,2
2880,2
2881,2
2882,1
2884,4
2885,3
2886,1
2887,4
2890,1
2892,4
2893,2
2894,4
2895,2
2897,1
2900,4
2902,1
2903,2
2904,1
2906,4
2907,2
2908,1
2909,1
2911,4
2912,2
2913,1
2914,3
2915,1
2916,1
2917,4
2918,2
2919,3
2920,3
2921,2
2923,2
2924,3
2925,3
2926,1
2927,2
2928,1
2929,1
2930,1
2931,2
2932,2
2933,4
2934,4
2937,2
2938,1
2940,1
2942,2
2944,1
2945,1
2948,2
2950,2
2951,3
2954,2
2955,4
2956,1
2957,1
2958,2
2960,2
2961,2
2962,1
2963,1
2965,1
2966,2
2967,1
2969,3
2970,3
2971,4
2972,2
2973,2
2975,1
2976,1
2978,4
2979,1
2982,2
2984,2
2987,3
2988,1
2989,4
2990,4
2991,2
2993,1
2994,1
2996,4
2997,4
2998,2
2999,1
3000,2
3001,2
3002,3
3003,2
3004,1
3005,4
3006,1
3007,3
3008,2
3009,1
3011,1
3012,1
3013,2
3014,2
3016,1
3017,2
3018,1
3019,3
3020,2
3021,3
3023,1
3024,1
3025,2
3026,2
3027,2
3029,3
3030,2
3031,3
3032,1
3033,2
3034,2
3035,1
3036,3
3038,1
3039,2
3040,1
3041,2
3043,3
3044,2
3045,2
3046,1
3048,2
3050,1
3051,2
3052,1
3053,3
3054,2
3055,3
3056,2
3057,2
3058,2
3059,4
3062,2
3064,1
3066,3
3067,1
3069,3
3070,1
3072,2
3073,2
3074,4
3075,4
3076,2
3077,1
3078,1
3079,4
3080,2
3081,1
3082,1
3083,1
3085,1
3086,3
3087,3
3089,1
3090,3
3091,1
3094,2
3096,1
3098,1
3099,2
3100,4
3101,4
3102,3
3104,3
3105,2
3106,2
3107,3
3109,1
3110,2
3111,2
3113,1
3114,4
3115,2
3116,2
3118,2
3119,2
3120,1
3123,1
3124,3
3126,4
3127,1
3128,2
3129,2
3131,3
3132,2
3133,2
3137,1
3138,2
3139,2
3141,4
3143,4
3144,1
3145,2
3147,2
3149,2
3150,1
3151,4
3153,2
3155,4
3156,2
3157,1
3158,4
3163,2
3164,2
3165,1
3167,2
3170,2
3171,2
3172,4
3173,3
3174,3
3175,1
3176,2
3177,1
3178,4
3179,2
3180,2
3181,3
3182,4
3183,1
3188,2
3189,1
3190,4
3191,2
3192,3
3193,2
3197,2
3198,1
3199,1
3200,3
3201,4
3202,3
3203,2
3205,1
3207,2
3208,1
3209,3
3211,3
3212,1
3213,4
3214,1
3216,4
3217,2
3219,2
3220,2
3221,2
3222,1
3223,2
3225,3
3227,1
3228,1
3229,5
3230,4
3233,2
3235,1
3236,1
3238,1
3239,2
3240,1
3241,3
3242,3
3243,2
3244,2
3246,3
3247,2
3248,2
3249,3
3250,1
3251,2
3252,4
3253,2
3254,2
3255,1
3256,4
3257,3
3258,1
3259,1
3261,2
3262,2
3264,3
3265,1
3266,3
3267,4
3268,3
3269,3
3270,4
3271,1
3272,1
3273,2
3274,4
3277,2
3278,3
3280,1
3281,2
3282,1
3284,1
3285,3
3286,1
3290,1
3291,2
3292,1
3293,2
3294,3
3296,2
3298,3
3300,1
3301,2
3302,1
3303,1
3304,1
3305,2
3306,3
3307,3
3310,3
3311,2
3313,5
3314,3
3315,2
3316,1
3317,2
3318,3
3319,4
3321,3
3322,1
3323,3
3324,2
3325,1
3326,2
3327,1
3328,2
3329,2
3330,3
3331,3
3332,2
3333,1
3334,2
3336,3
3337,2
3338,2
3340,1
3341,4
3343,2
3344,2
3345,4
3347,3
3348,2
3349,2
3350,1
3351,1
3352,1
3355,2
3357,1
3358,2
3359,4
3360,2
3362,2
3364,3
3365,3
3366,3
3367,2
3368,2
3370,3
3373,1
3374,3
3375,3
3377,1
3378,1
3379,3
3381,1
3382,2
3384,3
3385,3
3386,1
3387,1
3388,2
3389,2
3390,1
3391,2
3392,4
3393,1
3399,2
3400,1
3401,2
3403,1
3404,2
3405,4
3408,3
3409,3
3410,3
3411,4
3412,1
3413,2
3414,2
3416,2
3417,3
3419,2
3420,3
3422,2
3423,1
3425,2
3426,1
3428,1
3430,2
3431,1
3432,3
3433,2
3436,3
3437,2
3438,3
3439,1
3440,1
3443,2
3444,1
3445,1
3446,4
3448,3
3450,4
3451,3
3452,2
3453,1
3454,2
3455,1
3456,5
3458,3
3459,4
3461,2
3462,5
3463,2
3465,3
3466,2
3468,2
3469,1
3470,2
3471,2
3472,1
3473,3
3475,2
3476,1
3477,3
3478,1
3479,1
3481,2
3482,2
3485,3
3486,2
3488,1
3489,1
3490,4
3491,3
3494,2
3495,1
3496,3
3497,4
3498,4
3499,2
3500,2
3501,2
3502,4
3503,1
3504,3
3505,2
3506,1
3509,3
3510,2
3511,3
3514,2
3515,1
3516,4
3517,2
3518,2
3520,4
3521,2
3522,2
3523,1
3524,2
3526,2
3529,2
3530,4
3531,2
3533,1
3534,2
3541,1
3542,2
3543,1
3544,2
3545,2
3546,2
3547,1
3549,3
3550,2
3551,1
3553,1
3554,2
3555,2
3556,2
3557,4
3558,3
3559,2
3560,2
3561,1
3562,1
3563,3
3564,2
3565,2
3566,2
3568,2
3569,3
3570,3
3571,3
3572,2
3573,2
3576,2
3577,3
3580,3
3581,1
3582,4
3584,2
3585,1
3586,2
3587,2
3589,2
3591,1
3595,2
3596,2
3597,3
3598,2
3599,1
3600,1
3601,2
3603,1
3604,1
3605,3
3606,1
3607,2
3608,1
3610,2
3613,2
3615,2
3616,2
3617,1
3618,3
3619,1
3620,2
3621,3
3622,3
3623,3
3624,1
3625,3
3626,3
3628,2
3629,2
3630,3
3631,1
3632,3
3634,1
3635,1
3636,1
3638,4
3639,3
3641,2
3643,3
3644,1
3645,3
3646,2
3647,1
3648,1
3649,3
3651,2
3653,1
3655,2
3656,2
3657,3
3658,1
3660,2
3661,2
3665,2
3667,3
3668,1
3669,2
3670,3
3672,1
3674,2
3676,3
3677,3
3678,3
3679,2
3680,2
3681,2
3682,3
3684,2
3685,4
3686,3
3687,3
3689,1
3690,2
3691,2
3692,1
3693,1
3694,2
3695,1
3700,5
3701,2
3702,3
3703,2
3704,1
3706,2
3708,3
3709,3
3711,2
3712,3
3713,2
3714,2
3715,2
3716,2
3717,3
3718,1
3719,3
3721,2
3723,3
3724,3
3725,1
3727,2
3729,2
3730,3
3731,4
3733,3
3734,2
3735,3
3737,3
3738,2
3739,3
3740,2
3742,1
3746,2
3747,2
3748,4
3750,4
3751,1
3752,2
3753,1
3754,1
3755,2
3760,2
3761,2
3764,2
3766,3
3767,3
3768,2
3769,3
3771,2
3772,3
3773,3
3774,1
3777,2
3778,2
3779,2
3780,2
3781,1
3782,3
3784,2
3785,3
3786,2
3787,2
3791,3
3792,3
3794,3
3795,3
3796,2
3797,2
3798,3
3799,1
3801,3
3802,1
3803,3
3804,1
3805,1
3806,2
3807,3
3808,4
3809,4
3810,1
3811,3
3812,3
3813,3
3816,1
3817,2
3819,3
3820,2
3821,1
3823,2
3824,1
3826,5
3827,2
3828,2
3830,1
3831,3
3832,3
3836,2
3838,1
3839,4
3840,1
3842,1
3843,1
3844,3
3845,2
3847,2
3848,2
3849,2
3850,5
3851,1
3852,2
3853,1
3854,3
3855,2
3856,1
3857,4
3858,2
3859,3
3860,3
3861,2
3862,1
3863,2
3865,3
3866,1
3868,2
3870,2
3871,1
3875,1
3876,3
3877,2
3878,2
3879,3
3880,4
3881,1
3882,2
3883,3
3885,3
3886,3
3887,1
3889,3
3890,3
3891,2
3894,2
3895,1
3896,1
3897,3
3898,3
3901,2
3902,1
3903,2
3904,1
3908,2
3910,2
3911,2
3912,1
3913,3
3914,2
3915,3
3916,3
3917,4
3918,3
3919,1
3921,1
3922,3
3925,2
3926,1
3927,3
3928,1
3929,2
3931,2
3932,2
3933,3
3934,3
3935,2
3936,3
3937,2
3938,5
3939,2
3941,2
3942,1
3943,1
3944,2
3945,1
3946,2
3947,3
3948,2
3949,2
3950,2
3951,3
3952,1
3954,2
3955,2
3957,3
3958,2
3960,2
3961,1
3962,2
3964,5
3965,3
3966,3
3967,2
3968,3
3969,1
3970,3
3971,3
3972,1
3973,3
3974,1
3976,3
3977,1
3978,2
3979,2
3980,4
3981,2
3982,2
3983,2
3985,3
3986,1
3987,2
3988,1
3989,2
3990,2
3991,2
3992,4
3993,3
3995,2
3996,1
3997,1
3999,1
4000,3
4001,3
4004,2
4005,2
4006,3
4008,3
4011,2
4012,3
4013,2
4014,2
4016,1
4018,4
4019,3
4021,2
4024,1
4027,1
4028,3
4031,2
4032,2
4034,3
4035,3
4036,3
4037,4
4039,1
4041,2
4043,3
4045,3
4046,1
4047,2
4048,1
4050,3
4051,2
4052,4
4053,4
4054,2
4056,2
4057,3
4058,1
4059,2
4061,2
4062,3
4063,2
4064,2
4066,2
4067,2
4068,4
4069,3
4070,2
4071,3
4073,2
4074,1
4076,3
4077,2
4078,2
4079,3
4080,4
4081,2
4082,1
4083,1
4084,2
4087,3
4089,3
4090,1
4091,1
4092,3
4093,2
4094,4
4096,3
4098,1
4099,3
4101,5
4102,1
4103,3
4104,2
4105,2
4106,3
4107,1
4108,2
4110,1
4111,2
4112,3
4113,1
4114,1
4115,1
4119,3
4121,4
4123,2
4124,2
4125,2
4127,2
4128,2
4129,2
4130,2
4131,1
4132,2
4134,2
4135,2
4136,3
4137,3
4138,3
4140,3
4142,2
4143,2
4145,2
4146,1
4147,3
4149,1
4150,2
4151,3
4152,1
4153,4
4154,1
4155,2
4160,2
4162,2
4163,2
4164,3
4166,1
4170,2
4171,3
4172,3
4174,2
4175,3
4176,3
4177,2
4178,2
4180,2
4182,2
4183,2
4184,2
4185,1
4186,1
4187,1
4189,3
4190,3
4192,3
4193,1
4194,1
4196,3
4197,1
4199,2
4200,3
4201,3
4202,4
4203,3
4206,2
4207,1
4213,2
4216,1
4218,5
4219,1
4220,1
4221,3
4222,2
4223,2
4225,2
4226,1
4229,2
4230,1
4231,3
4233,2
4234,3
4237,1
4239,3
4242,1
4243,3
4245,1
4247,2
4248,2
4249,3
4250,2
4251,3
4252,2
4253,2
4255,2
4256,4
4257,2
4261,2
4262,4
4267,4
4268,2
4269,1
4272,2
4273,4
4275,3
4277,1
4278,5
4279,1
4282,2
4283,4
4284,3
4285,3
4288,3
4289,3
4291,2
4292,2
4293,3
4295,3
4300,2
4301,1
4304,4
4306,1
4307,2
4308,1
4309,3
4310,3
4311,1
4313,3
4317,4
4319,2
4321,1
4322,1
4324,3
4325,3
4326,1
4327,3
4328,2
4329,3
4330,2
4331,3
4335,3
4336,2
4337,2
4338,2
4340,3
4341,1
4342,3
4344,1
4345,2
4347,1
4349,2
4351,3
4352,1
4354,1
4355,2
4358,3
4359,1
4361,1
4366,2
4368,3
4369,3
4370,3
4371,3
4372,2
4373,4
4374,4
4375,2
4376,3
4377,1
4379,2
4381,2
4382,3
4383,2
4384,2
4386,2
4388,2
4389,2
4390,2
4391,2
4394,2
4395,1
4396,3
4397,2
4399,2
4402,2
4404,2
4406,2
4407,1
4408,3
4409,3
4410,1
4411,2
4413,2
4414,2
4418,1
4419,2
4420,3
4422,1
4423,3
4424,3
4425,2
4427,2
4428,1
4429,2
4430,1
4431,2
4432,3
4434,2
4435,2
4436,2
4437,3
4439,2
4440,1
4441,3
4442,3
4443,4
4446,3
4447,5
4448,1
4450,3
4452,1
4453,2
4454,3
4455,3
4457,1
4458,3
4459,3
4460,1
4461,1
4462,1
4465,2
4466,2
4469,2
4470,3
4471,2
4472,3
4473,3
4474,1
4475,2
4478,2
4480,3
4481,2
4482,2
4488,1
4489,2
4491,2
4494,2
4495,4
4497,2
4498,1
4503,2
4504,2
4505,2
4506,3
4507,3
4508,1
4509,2
4510,2
4512,3
4513,1
4514,2
4515,1
4517,3
4518,3
4519,3
4520,2
4521,2
4522,4
4526,2
4527,1
4528,3
4529,4
4530,2
4531,3
4532,4
4534,2
4535,2
4536,3
4537,1
4538,3
4542,2
4543,1
4544,4
4545,2
4549,3
4550,3
4552,3
4553,2
4555,2
4557,2
4561,2
4562,3
4563,2
4564,2
4565,3
4567,2
4568,4
4569,3
4570,2
4572,2
4576,3
4577,2
4578,3
4579,2
4580,1
4581,4
4584,3
4585,3
4586,3
4589,2
4590,3
4595,1
4596,2
4597,1
4598,2
4599,3
4602,4
4604,3
4606,2
4608,2
4609,2
4610,4
4611,3
4615,1
4616,2
4618,1
4619,1
4620,2
4621,2
4623,1
4624,2
4626,3
4627,2
4630,1
4631,2
4632,1
4633,2
4634,1
4635,1
4636,2
4637,3
4638,3
4639,2
4640,2
4641,3
4642,3
4644,2
4645,2
4646,2
4647,2
4648,2
4649,2
4651,2
4652,2
4655,2
4656,2
4657,3
4663,2
4664,1
4665,2
4666,1
4667,2
4669,1
4671,2
4673,4
4674,1
4675,1
4677,1
4679,3
4680,3
4681,2
4682,3
4683,2
4684,2
4685,3
4686,3
4687,3
4689,3
4691,3
4694,1
4695,3
4696,1
4697,1
4698,3
4699,3
4700,3
4703,1
4704,3
4706,2
4710,2
4711,3
4713,4
4714,2
4715,1
4717,2
4718,2
4719,2
4721,3
4722,1
4723,3
4724,2
4726,3
4727,3
4729,2
4731,2
4732,1
4734,1
4736,3
4737,2
4739,3
4740,1
4741,4
4743,2
4744,1
4746,2
4747,3
4749,2
4753,1
4754,1
4755,3
4756,2
4758,3
4759,2
4761,2
4762,2
4763,1
4765,2
4766,3
4767,2
4769,2
4770,2
4771,2
4773,3
4774,2
4775,1
4777,1
4778,1
4779,2
4780,2
4782,4
4784,5
4787,2
4788,2
4789,3
4792,3
4793,2
4794,3
4795,1
4796,1
4797,2
4798,3
4799,1
4800,3
4801,2
4802,3
4803,2
4804,1
4805,2
4806,2
4807,3
4808,2
4809,3
4810,2
4811,1
4812,3
4813,2
4814,3
4815,1
4816,1
4817,3
4818,2
4819,3
4821,3
4822,2
4824,2
4825,2
4826,2
4828,2
4829,3
4830,3
4831,1
4833,3
4835,1
4836,4
4837,1
4838,3
4839,1
4841,1
4842,1
4843,3
4844,1
4845,1
4847,2
4849,2
4850,3
4851,4
4853,3
4854,1
4857,2
4860,2
4861,2
4863,3
4864,3
4865,3
4867,1
4868,1
4869,2
4871,3
4872,2
4873,2
4874,2
4875,3
4876,1
4877,3
4878,3
4881,2
4883,3
4884,1
4889,3
4891,5
4892,2
4895,2
4896,3
4897,3
4898,3
4899,2
4900,3
4901,3
4903,2
4904,1
4905,3
4906,3
4909,1
4911,3
4912,3
4913,1
4914,2
4915,2
4920,1
4921,2
4924,1
4925,1
4926,3
4930,1
4931,2
4932,2
4933,2
4935,1
4936,2
4937,2
4938,3
4939,2
4940,2
4941,2
4942,2
4943,2
4945,2
4946,2
4949,1
4950,1
4951,3
4953,3
4957,2
4959,3
4960,2
4961,3
4962,3
4964,3
4965,3
4967,2
4969,2
4971,3
4974,2
4975,2
4976,1
4977,3
4978,2
4979,2
4981,1
4982,4
4984,1
4985,2
4987,2
4988,2
4990,1
4991,3
4996,2
5000,3
5001,4
5004,2
5005,1
5007,2
5008,3
5009,1
5010,2
5012,3
5013,2
5014,2
5015,2
5017,3
5019,2
5021,2
5022,2
5024,2
5025,2
5029,2
5031,2
5033,2
5034,3
5036,3
5040,2
5041,3
5042,2
5043,3
5044,1
5045,2
5046,2
5047,3
5048,1
5050,1
5051,2
5055,2
5056,2
5059,1
5061,3
5062,3
5064,2
5065,1
5066,1
5067,2
5068,2
5069,1
5070,3
5071,1
5072,2
5073,2
5075,4
5076,2
5077,3
5078,3
5079,2
5083,3
5084,3
5085,3
5086,4
5087,3
5088,4
5089,4
5090,3
5091,3
5092,1
5093,2
5094,2
5096,1
5101,2
5102,3
5104,2
5106,2
5107,1
5108,3
5109,3
5112,2
5113,2
5115,3
5116,3
5117,2
5120,4
5121,2
5122,2
5123,3
5124,2
5125,2
5128,3
5129,1
5130,2
5131,2
5133,3
5135,3
5136,2
5137,3
5140,2
5141,2
5142,1
5143,2
5144,1
5146,3
5147,1
5148,5
5151,2
5153,2
5155,3
5156,2
5157,2
5159,2
5160,3
5164,1
5167,1
5168,3
5169,1
5170,2
5171,2
5172,2
5173,2
5174,2
5175,3
5176,2
5178,3
5179,1
5181,1
5185,2
5186,1
5187,2
5189,1
5190,1
5191,1
5192,2
5193,2
5194,1
5195,2
5196,1
5201,3
5202,3
5204,3
5205,1
5206,2
5207,3
5208,1
5209,3
5210,1
5212,2
5215,2
5216,2
5218,2
5220,2
5222,2
5223,2
5224,1
5225,1
5226,3
5229,3
5232,3
5236,2
5238,3
5240,1
5241,4
5242,2
5244,4
5245,1
5247,2
5248,3
5249,1
5252,2
5253,2
5254,3
5255,2
5256,1
5257,1
5260,2
5262,2
5263,1
5265,1
5266,1
5267,1
5269,3
5270,2
5271,3
5272,3
5273,2
5274,2
5275,1
5276,2
5277,2
5278,1
5280,3
5281,3
5284,1
5287,3
5288,2
5289,3
5291,2
5292,2
5295,1
5296,3
5297,2
5299,2
5300,2
5303,1
5304,2
5305,1
5308,2
5310,2
5311,1
5312,2
5314,2
5315,4
5319,2
5320,5
5321,3
5323,1
5326,2
5327,2
5328,2
5330,2
5331,4
5335,2
5336,1
5337,1
5341,2
5342,1
5348,3
5349,4
5351,2
5353,1
5354,2
5356,1
5357,3
5358,2
5359,2
5360,1
5361,3
5368,2
5369,2
5370,3
5373,2
5375,1
5376,1
5377,2
5378,3
5379,2
5380,2
5381,1
5382,2
5383,3
5385,1
5386,2
5387,3
5389,1
5390,3
5391,3
5394,2
5398,2
5399,2
5401,2
5402,3
5403,3
5404,3
5405,3
5406,3
5409,2
5412,4
5413,2
5414,3
5415,2
5416,2
5418,1
5419,4
5420,3
5422,2
5423,1
5424,2
5425,3
5428,1
5430,2
5433,3
5435,1
5437,2
5438,1
5440,3
5442,2
5445,5
5447,1
5451,3
5452,2
5453,2
5454,2
5455,3
5458,2
5459,3
5465,2
5470,2
5471,3
5472,1
5473,3
5474,2
5475,2
5477,2
5478,2
5479,2
5482,1
5483,2
5484,3
5485,3
5486,2
5487,1
5490,2
5491,3
5492,2
5493,2
5496,3
5497,3
5498,1
5505,3
5506,1
5507,1
5508,3
5510,2
5512,1
5513,2
5514,2
5516,1
5518,2
5519,2
5521,2
5523,3
5524,3
5526,3
5528,3
5529,3
5530,2
5532,2
5534,2
5536,1
5537,1
5538,2
5540,3
5541,3
5545,2
5548,3
5550,3
5551,3
5558,1
5559,2
5561,4
5564,2
5566,2
5567,2
5569,2
5572,2
5573,2
5577,2
5579,3
5581,1
5582,2
5584,2
5585,2
5587,2
5588,2
5589,3
5590,3
5591,2
5592,3
5595,2
5597,3
5598,3
5601,2
5602,3
5604,3
5606,1
5608,2
5609,2
5610,2
5611,2
5612,2
5614,1
5615,3
5616,3
5617,3
5618,2
5619,1
5620,2
5622,2
5625,4
5626,3
5627,3
5630,2
5631,3
5632,2
5633,2
5637,2
5638,3
5639,4
5642,3
5643,2
5646,1
5655,3
5656,2
5657,2
5658,2
5659,2
5660,3
5662,2
5664,2
5665,3
5666,3
5667,4
5669,2
5671,2
5674,1
5675,3
5677,2
5678,1
5679,1
5682,3
5684,1
5688,3
5690,2
5694,2
5697,4
5698,2
5699,2
5701,3
5703,1
5704,2
5705,2
5707,2
5708,3
5709,2
5710,2
5712,2
5714,1
5715,2
5716,3
5717,4
5718,2
5720,2
5721,2
5726,4
5727,3
5728,1
5729,2
5730,2
5731,1
5733,3
5734,2
5735,4
5736,2
5740,3
5743,3
5744,3
5746,3
5749,2
5750,2
5751,4
5752,1
5753,3
5755,2
5756,2
5757,1
5758,1
5761,4
5762,3
5763,2
5764,2
5765,1
5766,2
5767,2
5768,2
5770,4
5772,5
5773,2
5774,2
5775,1
5777,3
5778,5
5779,3
5780,3
5782,3
5783,3
5784,3
5785,3
5787,3
5790,3
5795,1
5796,1
5798,1
5800,3
5801,4
5803,3
5806,2
5807,2
5810,2
5811,3
5812,1
5815,2
5817,3
5818,1
5819,5
5820,3
5821,2
5824,1
5829,2
5830,2
5831,1
5832,2
5833,1
5834,3
5837,1
5841,1
5844,1
5845,2
5846,2
5848,2
5849,1
5850,3
5851,3
5852,2
5855,1
5858,2
5859,4
5861,3
5862,2
5867,3
5868,2
5869,3
5874,2
5879,3
5881,3
5885,3
5886,4
5888,2
5891,3
5893,1
5895,3
5896,1
5897,2
5898,2
5900,3
5901,2
5905,3
5907,2
5908,3
5909,2
5911,3
5914,3
5915,1
5916,3
5918,4
5919,1
5920,3
5921,4
5922,2
5923,2
5925,3
5926,1
5928,2
5930,2
5931,3
5934,2
5937,4
5942,1
5943,3
5946,1
5947,3
5948,3
5949,3
5950,3
5951,2
5952,2
5956,2
5957,1
5958,4
5960,3
5961,1
5964,2
5965,2
5968,1
5969,1
5970,1
5974,3
5977,2
5978,3
5981,2
5982,3
5984,1
5985,2
5986,1
5989,2
5990,4
5991,1
5994,2
5995,4
5996,2
5998,2
6000,3
6002,3
6003,2
6005,1
6007,2
6009,1
6011,2
6013,3
6014,1
6017,3
6018,4
6019,2
6020,3
6022,3
6023,3
6024,1
6025,1
6026,3
6028,3
6031,3
6032,3
6034,2
6038,3
6040,2
6044,2
6045,3
6046,2
6051,1
6052,2
6053,2
6054,2
6056,3
6059,1
6063,3
6064,3
6065,3
6067,2
6068,3
6071,2
6072,1
6078,2
6080,3
6081,2
6084,1
6085,2
6087,2
6088,1
6093,2
6098,4
6099,1
6100,1
6101,3
6102,2
6103,3
6104,1
6105,3
6106,1
6107,2
6108,2
6109,2
6111,2
6112,2
6113,1
6114,1
6115,1
6116,2
6117,3
6119,2
6124,2
6125,1
6126,1
6127,2
6128,1
6129,1
6131,3
6133,2
6134,1
6137,2
6138,2
6139,4
6140,1
6141,3
6142,1
6146,2
6149,3
6150,2
6151,2
6152,2
6153,3
6155,2
6156,2
6157,4
6158,3
6159,2
6161,1
6162,4
6163,2
6165,2
6166,2
6167,2
6171,1
6172,1
6173,1
6175,1
6176,4
6177,3
6178,2
6179,2
6180,1
6184,4
6185,1
6186,3
6188,1
6190,2
6191,2
6195,3
6196,3
6198,1
6201,5
6205,2
6213,1
6214,2
6215,1
6216,1
6218,2
6219,2
6221,1
6226,2
6227,3
6229,2
6233,3
6234,4
6238,3
6239,1
6242,1
6245,3
6246,1
6250,1
6252,2
6253,2
6255,1
6259,2
6261,3
6264,2
6267,3
6269,2
6270,4
6271,4
6274,1
6275,3
6276,2
6278,2
6281,1
6282,3
6283,2
6285,2
6286,2
6287,2
6288,4
6291,2
6292,4
6294,2
6295,2
6298,1
6299,1
6300,1
6301,3
6302,1
6304,2
6307,1
6308,2
6310,2
6315,4
6320,3
6322,2
6323,2
6324,4
6325,2
6327,3
6330,2
6331,2
6334,1
6335,1
6336,1
6338,1
6343,2
6345,2
6346,3
6347,2
6348,2
6350,4
6351,1
6352,1
6354,3
6358,2
6359,2
6363,2
6364,2
6366,3
6367,1
6369,3
6370,3
6372,2
6373,4
6374,4
6375,2
6376,3
6377,2
6379,3
6380,3
6381,1
6382,3
6384,2
6386,2
6387,2
6389,4
6390,2
6391,4
6393,2
6396,3
6398,1
6400,3
6401,4
6402,2
6407,4
6408,2
6409,4
6410,2
6413,3
6415,1
6416,1
6418,1
6422,2
6427,2
6428,2
6429,4
6431,3
6432,3
6435,3
6436,2
6437,3
6438,1
6439,2
6441,3
6442,3
6444,3
6445,3
6446,2
6450,2
6456,4
6458,3
6459,4
6460,4
6461,3
6463,3
6465,1
6466,2
6467,3
6469,1
6473,2
6475,3
6477,1
6478,2
6479,4
6480,3
6481,2
6482,3
6483,2
6484,3
6486,2
6487,3
6488,2
6489,1
6490,4
6491,1
6494,2
6497,1
6498,2
6499,2
6500,3
6502,3
6504,2
6507,3
6511,2
6512,1
6513,2
6515,1
6516,3
6517,3
6518,4
6519,4
6520,2
6521,1
6525,4
6526,2
6530,1
6533,2
6537,2
6540,2
6541,2
6542,4
6543,1
6544,3
6545,3
6547,2
6548,4
6549,3
6550,3
6551,2
6552,2
6553,3
6556,3
6557,2
6558,3
6560,3
6561,3
6563,1
6565,2
6568,2
6569,4
6571,2
6572,4
6573,1
6574,2
6576,2
6580,1
6582,2
6583,2
6585,1
6587,2
6588,3
6590,3
6591,2
6593,3
6594,2
6597,3
6599,2
6600,2
6603,1
6604,2
6605,2
6607,2
6609,2
6610,2
6611,3
6612,3
6614,2
6615,1
6616,3
6619,4
6621,3
6622,3
6623,3
6624,2
6627,2
6628,2
6630,4
6631,1
6632,4
6633,2
6635,2
6640,2
6642,3
6644,1
6645,2
6647,4
6649,2
6650,2
6651,3
6652,3
6653,1
6654,3
6657,3
6658,2
6659,2
6663,1
6665,2
6666,2
6668,3
6673,2
6678,3
6679,2
6681,2
6682,2
6685,3
6688,2
6689,2
6694,3
6697,1
6699,2
6702,2
6703,4
6705,1
6710,1
6711,2
6712,2
6715,2
6716,1
6717,2
6718,2
6719,4
6721,3
6722,3
6723,2
6725,2
6726,2
6730,3
6731,2
6732,3
6736,1
6739,2
6743,2
6744,2
6745,2
6746,1
6747,1
6748,3
6749,4
6750,2
6751,2
6754,2
6756,2
6759,3
6760,4
6765,2
6769,1
6771,1
6772,2
6775,3
6776,2
6777,4
6779,3
6780,2
6783,2
6786,4
6789,2
6791,4
6792,3
6794,3
6795,3
6796,3
6797,3
6799,2
6800,2
6801,2
6806,4
6807,1
6809,2
6811,1
6814,2
6816,2
6818,3
6819,4
6820,1
6821,2
6823,1
6826,2
6827,3
6828,2
6830,1
6831,3
6832,3
6834,3
6840,1
6841,4
6843,1
6844,2
6846,2
6848,2
6849,1
6850,1
6854,2
6855,2
6856,1
6857,3
6858,2
6861,3
6862,2
6863,2
6865,1
6868,2
6871,2
6872,3
6874,3
6875,3
6876,2
6877,2
6879,3
6882,1
6883,2
6888,2
6889,3
6891,2
6892,2
6893,1
6894,1
6895,2
6896,2
6898,2
6899,2
6901,2
6902,3
6904,2
6905,4
6907,1
6908,2
6909,2
6913,3
6919,2
6920,1
6922,2
6923,3
6924,2
6925,3
6927,2
6930,2
6931,2
6934,2
6935,3
6937,3
6938,2
6940,2
6941,2
6942,4
6944,2
6945,1
6946,4
6948,1
6949,1
6951,2
6952,2
6953,1
6954,3
6956,2
6957,2
6958,2
6961,3
6963,3
6964,2
6965,2
6966,2
6967,3
6968,4
6970,2
6973,2
6974,1
6977,4
6978,2
6979,3
6981,3
6982,2
6983,3
6986,2
6988,3
6989,2
6991,2
6993,3
6996,1
7000,2
7003,2
7004,1
7005,3
7006,3
7014,3
7015,3
7016,1
7018,4
7021,2
7024,1
7025,4
7027,2
7029,3
7032,2
7033,3
7035,3
7037,4
7039,2
7042,4
7044,1
7047,1
7051,2
7052,4
7055,4
7056,3
7058,1
7059,2
7062,2
7063,2
7065,2
7067,1
7069,1
7070,1
7072,1
7074,4
7079,2
7086,2
7088,3
7089,1
7091,2
7096,2
7097,2
7099,2
7100,2
7102,3
7103,3
7105,4
7112,4
7115,2
7116,3
7120,3
7121,2
7122,2
7125,3
7131,1
7132,4
7133,3
7135,1
7138,2
7142,3
7143,2
7144,3
7145,2
7146,2
7151,1
7153,3
7154,2
7155,4
7157,3
7161,3
7163,2
7167,3
7169,2
7171,2
7172,4
7173,3
7176,2
7177,2
7178,1
7182,3
7183,3
7185,3
7186,1
7187,2
7189,2
7190,3
7191,2
7192,2
7195,2
7197,1
7199,2
7202,3
7205,2
7206,2
7209,3
7210,3
7213,2
7214,2
7216,1
7217,2
7218,2
7220,2
7224,1
7226,3
7229,3
7230,2
7231,3
7232,2
7234,4
7235,1
7237,2
7238,2
7242,3
7244,4
7246,3
7247,2
7249,3
7251,4
7255,1
7256,2
7257,2
7258,3
7268,1
7269,1
7274,3
7275,1
7277,2
7278,4
7281,2
7282,1
7286,2
7291,3
7292,2
7295,3
7296,2
7298,2
7299,1
7304,1
7306,2
7308,3
7310,2
7312,2
7313,2
7316,1
7319,2
7321,4
7322,2
7325,2
7326,3
7331,4
7332,2
7333,1
7337,1
7339,2
7340,1
7341,2
7351,2
7353,4
7355,3
7361,3
7366,4
7371,3
7372,4
7374,3
7381,3
7382,3
7384,2
7385,4
7386,1
7389,3
7392,3
7393,3
7394,2
7395,2
7397,4
7399,2
7403,1
7405,3
7406,4
7407,2
7408,4
7409,3
7411,3
7412,2
7414,2
7416,3
7417,2
7418,1
7419,2
7423,1
7425,3
7429,2
7433,2
7435,3
7436,2
7437,2
7438,4
7439,2
7442,2
7443,2
7444,4
7448,4
7449,1
7451,2
7452,2
7457,2
7458,2
7459,2
7463,3
7470,2
7471,4
7473,2
7474,2
7478,3
7481,4
7484,2
7488,2
7489,1
7490,2
7491,1
7496,2
7498,2
7500,2
7503,2
7504,2
7505,4
7512,3
7514,2
7517,3
7519,2
7521,1
7524,2
7525,4
7526,1
7529,4
7530,2
7539,1
7544,2
7546,1
7550,2
7554,2
7556,1
7559,3
7560,3
7563,3
7564,1
7566,2
7568,2
7570,3
7574,2
7577,2
7580,2
7587,3
7589,2
7592,4
7593,1
7594,1
7595,2
7596,3
7597,2
7598,2
7599,3
7603,2
7605,4
7607,2
7611,2
7612,1
7613,1
7619,2
7620,4
7621,2
7623,2
7624,2
7630,2
7633,3
7642,2
7643,1
7644,4
7645,4
7646,3
7648,3
7649,2
7650,2
7651,4
7655,1
7661,2
7662,1
7666,2
7669,2
7676,4
7679,2
7680,1
7681,4
7682,3
7688,4
7692,4
7698,2
7699,1
7701,2
7707,2
7708,1
7709,4
7710,4
7711,2
7712,2
7714,1
7715,2
7718,2
7719,1
7722,3
7723,1
7726,3
7728,1
7731,2
7733,2
7734,2
7739,1
7742,3
7751,4
7753,3
7756,4
7759,2
7762,2
7763,4
7766,2
7767,2
7770,3
7771,1
7773,2
7775,2
7776,1
7779,4
7786,3
7787,2
7788,4
7790,2
7791,4
7792,2
7795,2
7798,3
7801,2
7803,2
7804,1
7806,2
7809,2
7810,4
7811,3
7813,2
7817,3
7824,4
7828,3
7829,2
7830,4
7832,2
7833,1
7834,1
7836,2
7837,2
7838,1
7842,4
7843,1
7845,1
7850,4
7852,1
7861,3
7864,1
7867,2
7869,4
7870,2
7872,2
7876,1
7878,2
7879,4
7881,2
7882,2
7885,2
7888,1
7889,1
7890,1
7892,3
7896,4
7897,1
7899,1
7900,2
7904,4
7906,2
7908,2
7910,3
7911,3
7912,2
7915,1
7924,3
7926,2
7927,2
7928,2
7931,2
7933,3
7934,3
7948,2
7949,3
7951,1
7957,2
7958,1
7960,4
7961,2
7962,4
7966,4
7967,1
7968,1
7971,2
7974,2
7977,1
7980,3
7983,2
7985,4
7986,2
7989,2
7991,2
7995,4
7997,3
8003,1
8011,3
8012,2
8016,4
8019,2
8023,2
8025,4
8027,4
8030,2
8031,3
8032,2
8035,3
8036,4
8040,3
8041,1
8044,2
8047,2
8052,2
8054,4
8055,4
8056,3
8059,4
8063,1
8066,2
8071,4
8073,2
8076,4
8077,3
8078,2
8082,4
8084,1
8085,3
8089,2
8090,4
8094,2
8099,2
8100,4
8101,4
8103,1
8111,2
8112,2
8113,3
8114,4
8115,2
8118,3
8124,2
8126,1
8127,2
8129,4
8137,4
8139,2
8141,4
8142,1
8143,2
8146,4
8150,2
8153,4
8156,1
8161,3
8167,1
8168,2
8170,4
8172,2
8173,3
8180,1
8182,1
8185,1
8187,2
8188,3
8189,4
8195,4
8197,2
8205,4
8211,2
8212,2
8213,4
8214,1
8223,3
8225,4
8227,1
8231,4
8234,3
8237,2
8243,2
8245,3
8249,3
8255,1
8256,2
8260,2
8261,4
8262,1
8263,4
8271,1
8275,2
8288,1
8292,2
8295,1
8300,3
8309,2
8311,4
8315,1
8316,3
8319,4
8324,2
8325,2
8326,2
8328,4
8330,1
8338,1
8350,2
8353,4
8355,2
8358,2
8361,2
8362,1
8363,4
8364,1
8366,3
8373,1
8377,1
8380,2
8382,2
8385,3
8388,1
8393,2
8394,3
8396,3
8400,3
8405,2
8408,3
8410,2
8411,4
8412,1
8414,3
8415,2
8419,3
8420,2
8421,2
8424,4
8431,2
8432,2
8435,2
8439,1
8440,4
8443,1
8451,2
8455,2
8457,1
8463,2
8464,4
8470,1
8476,4
8477,4
8481,3
8486,3
8487,4
8503,1
8505,4
8506,2
8512,4
8516,4
8520,4
8522,4
8531,2
8535,4
8538,4
8542,2
8543,1
8545,3
8549,2
8556,1
8560,2
8563,2
8565,1
8566,2
8568,2
8579,2
8580,2
8587,4
8600,2
8601,4
8604,4
8605,1
8606,1
8611,2
8612,2
8615,3
8618,3
8624,4
8630,2
8631,3
8632,4
8637,4
8638,4
8641,3
8644,3
8647,3
8657,1
8662,2
8664,4
8668,2
8670,4
8671,2
8677,2
8679,1
8684,2
8700,4
8708,2
8711,4
8717,1
8721,3
8735,1
8738,4
8749,2
8757,1
8760,1
8762,2
8763,2
8769,4
8772,2
8783,1
8790,3
8798,2
8802,1
8804,2
8806,2
8810,4
8811,2
8812,1
8818,2
8819,2
8820,4
8825,2
8835,2
8841,4
8850,2
8852,1
8863,2
8876,2
8880,1
8884,1
8890,2
8894,4
8897,4
8898,2
8900,4
8907,2
8913,1
8917,3
8925,1
8927,3
8932,2
8938,4
8940,2
8947,4
8950,4
8954,4
8962,1
8966,2
8969,2
8973,1
8978,2
8984,2
9003,2
9008,2
9015,2
9019,4
9024,1
9028,2
9031,1
9035,3
9037,4
9040,1
9043,2
9058,1
9063,2
9082,3
9088,1
9090,1
9095,4
9098,2
9102,4
9113,2
9114,2
9115,2
9118,2
9120,1
9134,1
9138,4
9148,2
9152,4
9162,4
9163,1
9166,2
9172,2
9173,1
9174,1
9177,1
9185,2
9186,1
9187,4
9188,2
9200,4
9213,5
9214,2
9237,1
9244,2
9259,5
9264,4
9267,2
9276,4
9287,5
9288,2
9308,3
9311,4
9320,4
9333,1
9356,1
9358,2
9361,3
9362,1
9364,2
9366,4
9367,4
9368,4
9377,5
9380,4
9384,1
9385,2
9393,1
9396,3
9397,1
9401,4
9417,3
9430,4
9431,4
9436,4
9446,3
9447,4
9452,2
9455,2
9458,4
9461,3
9462,4
9464,4
9465,1
9470,3
9474,2
9482,4
9494,1
9497,2
9507,4
9527,1
9529,4
9530,2
9532,1
9542,2
9543,2
9546,2
9549,3
9556,2
9558,4
9562,2
9568,3
9573,4
9577,1
9600,4
9605,3
9613,3
9622,4
9627,1
9637,4
9661,2
9670,2
9682,2
9687,4
9691,2
9701,2
9718,4
9720,3
9721,4
9759,1
9767,5
9780,2
9781,4
9792,2
9800,2
9824,4
9862,1
9889,2
9911,4
9912,4
9913,4
9963,2
9966,5
9990,4
10011,2
10013,4
10018,4
10023,5
10030,4
10044,2
10051,1
10083,2
10108,2
10113,5
10121,2
10127,4
10147,2
10148,4
10152,2
10171,4
10176,4
10207,1
10220,4
10224,4
10232,2
10233,1
10293,2
10371,2
10372,4
10416,2
10424,4
10438,2
10440,1
10474,3
10481,4
10546,4
10548,2
10578,2
10584,1
10592,4
10602,4
10760,2
10766,2
10789,4
10795,4
10844,2
10882,2
10907,2
10951,3
10981,4
11011,2
11051,4
11059,4
11102,4
11119,5
11168,2
11199,4
11239,2
11280,2
11317,4
11390,2
11413,4
11530,3
11537,2
11562,5
11708,3
11748,3
12119,5
12200,1
12291,1
12427,2
12462,1
12552,2
12585,2
12589,5
12706,4
12840,2
12892,4
13190,2
13262,4
13337,5
13646,2
13883,2
14374,3
14549,5
14634,1
14689,4
14847,5
14919,5
15165,5
15345,5
16525,5
16882,5
16957,2
17036,4
17764,3
18334,5
18777,5
19293,5
19861,5
19919,1
19934,2
20614,1
20898,5
21286,2