ID,CMD3region,RA,Dec,k36mag,e36mag,k80mag,e80mag,threesixMINUSeightzero,ERRORthreesixMINUSeightzero
27,5,296.28082,-14.79704,12.46,0.05,9.75,0.04,2.71,0.064031242
48,5,296.21986,-14.72059,12.92,0.08,9.49,0.08,3.43,0.113137085
84,5,296.22,-14.7198,13.77,0.1,10.46,0.04,3.31,0.107703296
106,5,296.29324,-14.90859,13.39,0.04,10.86,0.03,2.53,0.05
141,5,296.17763,-14.84184,13.83,0.07,10.24,0.05,3.59,0.086023253
162,5,296.25026,-14.76425,14.03,0.04,11.43,0.04,2.6,0.056568542
169,5,296.20188,-14.8746,14.26,0.06,10.07,0.06,4.19,0.084852814
173,5,296.29795,-14.74684,14.14,0.07,11.47,0.02,2.67,0.072801099
198,5,296.2206,-14.71969,13.36,0.09,10.71,0.07,2.65,0.114017543
253,5,296.27249,-14.78268,14.91,0.05,11.29,0.02,3.62,0.053851648
264,5,296.21087,-14.80223,14.58,0.06,11.81,0.03,2.77,0.067082039
272,5,296.18622,-14.76608,14.76,0.08,11.61,0.04,3.15,0.089442719
289,5,296.32123,-14.79192,13.88,0.09,8.58,0.01,5.3,0.090553851
328,5,296.13027,-14.78719,14.78,0.04,11.13,0.05,3.65,0.064031242
356,5,296.24114,-14.8189,14.79,0.04,12.06,0.02,2.73,0.04472136
370,5,296.14634,-14.92335,14.83,0.04,11.73,0.05,3.1,0.064031242
425,5,296.188,-14.79691,15.06,0.06,12.37,0.03,2.69,0.067082039
448,5,296.23813,-14.79714,14.69,0.09,11.77,0.08,2.92,0.120415946
466,5,296.12876,-14.80718,14.95,0.04,10.95,0.03,4,0.05
515,5,296.21898,-14.71933,14.74,0.1,11.36,0.07,3.38,0.122065556
530,5,296.20844,-14.76216,15.15,0.06,12.44,0.02,2.71,0.063245553
611,5,296.13744,-14.79176,15.07,0.06,11.65,0.08,3.42,0.1
725,5,296.24504,-14.73758,15.59,0.05,12.51,0.04,3.08,0.064031242
727,5,296.29307,-14.80704,15.7,0.05,12.23,0.04,3.47,0.064031242
753,5,296.21212,-14.88034,15.06,0.05,11.86,0.05,3.2,0.070710678
758,5,296.31047,-14.82638,15.19,0.06,11.71,0.05,3.48,0.078102497
763,5,296.21912,-14.72086,15.02,0.13,11.14,0.14,3.88,0.191049732
939,5,296.32133,-14.75828,15.79,0.03,12.21,0.05,3.58,0.058309519
1145,5,296.12778,-14.6935,14.99,0.05,11.56,0.04,3.43,0.064031242
1250,5,296.12805,-14.69345,14.99,0.05,11.56,0.04,3.43,0.064031242
1270,5,296.2372,-14.75501,15.59,0.07,12.36,0.03,3.23,0.076157731
1634,5,296.21862,-14.71866,15.47,0.13,11.59,0.11,3.88,0.170293864
1642,5,296.21008,-14.88141,15.42,0.05,11.42,0.04,4,0.064031242
1718,5,296.20728,-14.88295,15.79,0.1,11.98,0.08,3.81,0.128062485
1758,5,296.29754,-14.81502,16.02,0.03,11.81,0.05,4.21,0.058309519
1818,5,296.21216,-14.87974,15.69,0.07,11.18,0.07,4.51,0.098994949
1906,5,296.20618,-14.88301,15.66,0.07,11.83,0.05,3.83,0.086023253
2008,5,296.20456,-14.71633,15.91,0.04,11.67,0.04,4.24,0.056568542
2055,5,296.212,-14.88159,15.97,0.1,12.31,0.08,3.66,0.128062485
2057,5,296.22301,-14.71912,16.38,0.07,12.13,0.09,4.25,0.114017543
2235,5,296.04335,-14.80379,15.89,0.08,12.4,0.04,3.49,0.089442719
2482,5,296.20857,-14.88385,16.27,0.1,12.32,0.06,3.95,0.116619038
2761,5,296.135,-14.7013,16.68,0.09,12.52,0.06,4.16,0.108166538
3031,5,296.21731,-14.71574,16.18,0.06,12.34,0.17,3.84,0.180277564
3112,5,296.28141,-14.7399,16.24,0.08,12.27,0.06,3.97,0.1
3135,5,296.22209,-14.72007,15.92,0.12,11.63,0.1,4.29,0.156204994
3146,5,296.2526,-14.8014,16.59,0.06,12.31,0.04,4.28,0.072111026
3160,5,296.04509,-14.67401,16.32,0.14,10.43,0.05,5.89,0.148660687
3483,5,296.27996,-14.79197,17.11,0.05,12.53,0.04,4.58,0.064031242
3512,5,296.22254,-14.72114,16.53,0.1,12.3,0.11,4.23,0.148660687
3833,5,296.21168,-14.87782,16.48,0.04,12.14,0.04,4.34,0.056568542
3905,5,296.22709,-14.71182,16.28,0.06,12.2,0.06,4.08,0.084852814
4236,5,296.22194,-14.71843,16.59,0.1,12.36,0.1,4.23,0.141421356
5268,5,296.16346,-14.85698,16.66,0.06,12.51,0.07,4.15,0.092195445
5839,5,296.21466,-14.71867,17.5,0.14,11.91,0.09,5.59,0.16643317
6443,5,296.28042,-14.79607,17.17,0.08,11.64,0.01,5.53,0.080622577
7034,5,296.22042,-14.71452,16.73,0.07,11.76,0.09,4.97,0.114017543
8020,5,296.12922,-14.80728,17.14,0.12,10.9,0.01,6.24,0.120415946
8707,5,296.27971,-14.93351,17.1,0.06,12.27,0.08,4.83,0.1
9490,5,296.22193,-14.72257,17.25,0.06,10.27,0.07,6.98,0.092195445
9717,5,296.26994,-14.7234,17.64,0.06,12.29,0.07,5.35,0.092195445
18244,5,296.06778,-14.84202,18.4,0.11,12.49,0.07,5.91,0.130384048
18790,5,296.20525,-14.80071,18.07,0.08,11.65,0.06,6.42,0.1
677,5,296.28494,-14.90714,15.54,0.06,12.61,0.02,2.93,0.063245553
799,5,296.26773,-14.76476,15.96,0.05,12.61,0.03,3.35,0.058309519
1056,5,296.35603,-14.80528,15.74,0.05,13.38,0.04,2.36,0.064031242
1165,5,296.15043,-14.84831,15.93,0.04,13.03,0.04,2.9,0.056568542
1166,5,296.29685,-14.81694,15.9,0.04,12.76,0.05,3.14,0.064031242
1442,5,296.09712,-14.83594,15.53,0.05,12.93,0.03,2.6,0.058309519
1569,5,296.23828,-14.79616,15.53,0.08,13.18,0.09,2.35,0.120415946
1595,5,296.36622,-14.78454,15.76,0.05,13.51,0.05,2.25,0.070710678
1641,5,296.38877,-14.68106,15.56,0.04,12.81,0.02,2.75,0.04472136
1832,5,296.15993,-14.96019,16.09,0.04,13.18,0.1,2.91,0.107703296
1841,5,296.31293,-14.6349,15.91,0.08,13.58,0.1,2.33,0.128062485
1863,5,296.36542,-14.74068,16.09,0.04,13.31,0.05,2.78,0.064031242
1935,5,296.36731,-14.69113,15.78,0.03,12.75,0.06,3.03,0.067082039
1952,5,296.27362,-14.72028,16.04,0.07,13.65,0.08,2.39,0.106301458
2084,5,296.24628,-14.80893,15.99,0.07,13.88,0.05,2.11,0.086023253
2098,5,296.26884,-14.85827,16.2,0.05,13.76,0.04,2.44,0.064031242
2130,5,296.09826,-14.97091,15.97,0.07,13.41,0.09,2.56,0.114017543
2181,5,296.27092,-14.72068,16.43,0.07,13.24,0.09,3.19,0.114017543
2216,5,296.14557,-14.95632,16.05,0.08,13.64,0.07,2.41,0.106301458
2226,5,296.30262,-14.8009,16.03,0.07,14.24,0.06,1.79,0.092195445
2233,5,296.1073,-14.94869,15.86,0.08,13.68,0.04,2.18,0.089442719
2294,5,296.07814,-14.88067,16.14,0.1,13.27,0.05,2.87,0.111803399
2298,5,296.1426,-14.8818,16.29,0.08,13.93,0.08,2.36,0.113137085
2316,5,296.26883,-14.72344,16.09,0.06,12.73,0.04,3.36,0.072111026
2336,5,296.21625,-14.78288,16.44,0.08,13.47,0.04,2.97,0.089442719
2347,5,296.35185,-14.71952,16.34,0.05,14.06,0.05,2.28,0.070710678
2399,5,296.2711,-14.85178,16.53,0.05,13.73,0.04,2.8,0.064031242
2453,5,296.09379,-14.77655,17.16,0.28,13.5,0.13,3.66,0.308706981
2466,5,296.2924,-14.77358,15.93,0.04,12.6,0.03,3.33,0.05
2491,5,296.05716,-14.83338,16.11,0.11,13.55,0.05,2.56,0.12083046
2595,5,296.27148,-14.72034,16.85,0.12,12.91,0.1,3.94,0.156204994
2630,5,296.27209,-14.7192,16.38,0.07,12.97,0.1,3.41,0.122065556
2639,5,296.4434,-14.87511,16.79,0.07,13.55,0.05,3.24,0.086023253
2688,5,296.07247,-14.92742,16.27,0.08,13.46,0.05,2.81,0.094339811
2712,5,296.27785,-14.80047,15.81,0.06,13.92,0.05,1.89,0.078102497
2724,5,296.20404,-14.87566,16.01,0.08,12.57,0.06,3.44,0.1
2735,5,296.32995,-14.77679,16.16,0.1,14.47,0.08,1.69,0.128062485
2788,5,296.0663,-14.93727,16.82,0.07,14.55,0.09,2.27,0.114017543
2841,5,296.20017,-14.80544,16.26,0.07,14.36,0.07,1.9,0.098994949
2871,5,296.27058,-14.72007,16.49,0.09,12.77,0.05,3.72,0.102956301
2888,5,296.16902,-14.81217,16.38,0.04,13.52,0.04,2.86,0.056568542
2898,5,296.25435,-14.8485,15.89,0.07,13.54,0.04,2.35,0.080622577
2899,5,296.09587,-14.9023,16.26,0.07,14.25,0.07,2.01,0.098994949
2901,5,296.11153,-14.66341,16.66,0.13,13.44,0.04,3.22,0.136014705
2905,5,296.44242,-14.88637,16.53,0.1,14.16,0.11,2.37,0.148660687
2939,5,296.21354,-14.80348,16.72,0.04,13.95,0.04,2.77,0.056568542
2952,5,296.252,-14.78832,17.08,0.08,13.51,0.04,3.57,0.089442719
3042,5,296.41669,-14.84007,16.44,0.1,13.17,0.04,3.27,0.107703296
3053,5,296.24856,-14.7971,15.84,0.04,13.94,0.06,1.9,0.072111026
3060,5,296.18605,-14.80218,16.43,0.04,14.23,0.03,2.2,0.05
3061,5,296.13917,-14.86057,16.79,0.18,14.08,0.05,2.71,0.186815417
3117,5,296.39652,-14.86325,16.21,0.03,14.26,0.05,1.95,0.058309519
3122,5,296.16412,-14.71816,16.57,0.08,13.52,0.07,3.05,0.106301458
3125,5,296.29198,-14.76506,16.43,0.07,14.39,0.05,2.04,0.086023253
3136,5,296.21391,-14.71784,16.39,0.08,12.74,0.05,3.65,0.094339811
3142,5,296.21784,-14.86633,16.29,0.09,13.84,0.08,2.45,0.120415946
3158,5,296.2531,-14.78473,16.17,0.04,14.52,0.08,1.65,0.089442719
3169,5,296.07683,-14.90864,16.24,0.08,14.64,0.18,1.6,0.196977156
3182,5,296.26033,-14.7893,15.86,0.03,13.64,0.06,2.22,0.067082039
3187,5,296.17235,-14.88327,16.31,0.05,14.5,0.05,1.81,0.070710678
3195,5,296.27115,-14.71956,16.69,0.07,13.21,0.09,3.48,0.114017543
3201,5,296.2786,-14.72329,15.86,0.08,13.98,0.08,1.88,0.113137085
3206,5,296.41201,-14.76573,16.16,0.07,13.38,0.04,2.78,0.080622577
3237,5,296.33396,-14.88066,16.65,0.1,14.28,0.04,2.37,0.107703296
3279,5,296.43081,-14.80076,16.69,0.09,14.7,0.09,1.99,0.127279221
3283,5,296.42257,-14.89746,17.31,0.17,14.55,0.07,2.76,0.183847763
3299,5,296.16565,-14.79227,16.85,0.19,14.45,0.07,2.4,0.202484567
3309,5,296.27307,-14.72422,16.94,0.12,12.93,0.09,4.01,0.15
3347,5,296.22345,-14.72024,16,0.07,12.8,0.11,3.2,0.130384048
3363,5,296.12721,-14.69792,16.83,0.06,13.53,0.04,3.3,0.072111026
3369,5,296.27981,-14.9343,16.87,0.05,14.53,0.09,2.34,0.102956301
3383,5,296.21752,-14.78961,16.22,0.25,13.13,0.03,3.09,0.251793566
3397,5,296.12222,-14.89934,16.4,0.08,14.56,0.05,1.84,0.094339811
3449,5,296.14806,-14.95662,17.27,0.2,14.03,0.09,3.24,0.219317122
3474,5,296.16448,-14.9186,16.19,0.04,13.03,0.05,3.16,0.064031242
3513,5,296.17675,-14.72554,16.56,0.06,14.3,0.05,2.26,0.078102497
3528,5,296.16892,-14.82726,16.59,0.12,14.24,0.05,2.35,0.13
3537,5,296.07512,-14.84449,16.4,0.08,14.5,0.05,1.9,0.094339811
3552,5,296.29615,-14.91083,16.62,0.04,14,0.03,2.62,0.05
3578,5,296.36134,-14.64126,16.92,0.07,14.18,0.1,2.74,0.122065556
3590,5,296.37151,-14.66088,16.6,0.06,14.51,0.08,2.09,0.1
3638,5,296.22614,-14.71252,16.11,0.05,13.65,0.07,2.46,0.086023253
3639,5,296.18267,-14.86585,15.93,0.05,13.93,0.07,2,0.086023253
3640,5,296.09583,-14.94947,16.48,0.09,13.92,0.08,2.56,0.120415946
3657,5,296.16186,-14.85839,16.03,0.07,14.27,0.09,1.76,0.114017543
3699,5,296.17728,-14.84239,16.4,0.13,12.93,0.16,3.47,0.206155281
3707,5,296.18967,-14.65111,16.56,0.13,13.6,0.07,2.96,0.147648231
3710,5,296.10233,-14.72658,17.13,0.07,13.92,0.05,3.21,0.086023253
3726,5,296.40427,-14.90557,16.44,0.08,14.28,0.07,2.16,0.106301458
3733,5,296.17833,-14.84342,15.99,0.05,13.8,0.12,2.19,0.13
3758,5,296.07761,-14.83964,16.88,0.06,14.32,0.09,2.56,0.108166538
3773,5,296.25169,-14.79448,16.16,0.03,13.8,0.11,2.36,0.114017543
3776,5,296.02927,-14.68646,17.16,0.05,14.02,0.07,3.14,0.086023253
3823,5,296.2312,-14.84231,15.95,0.06,13.94,0.09,2.01,0.108166538
3880,5,296.21818,-14.72307,16.23,0.03,14.1,0.08,2.13,0.085440037
3888,5,296.24182,-14.80489,16.44,0.08,14.55,0.05,1.89,0.094339811
3907,5,296.42997,-14.89419,16.72,0.06,14.33,0.1,2.39,0.116619038
3968,5,296.25613,-14.83089,16.08,0.03,13.84,0.03,2.24,0.042426407
4002,5,296.22023,-14.85935,17.31,0.07,14.22,0.03,3.09,0.076157731
4003,5,296.41707,-14.82933,16.71,0.08,14.2,0.13,2.51,0.152643375
4016,5,296.08365,-14.88154,16.11,0.12,14.31,0.08,1.8,0.144222051
4020,5,296.24094,-14.78864,16.25,0.04,14.32,0.11,1.93,0.117046999
4037,5,296.24056,-14.79563,16.2,0.06,13.22,0.09,2.98,0.108166538
4047,5,296.2587,-14.88687,16.12,0.04,13.04,0.02,3.08,0.04472136
4179,5,296.40673,-14.91445,17,0.07,14.07,0.06,2.93,0.092195445
4271,5,296.27615,-14.79966,15.92,0.1,13.66,0.09,2.26,0.13453624
4280,5,296.08432,-14.84914,16.72,0.07,14.57,0.08,2.15,0.106301458
4318,5,296.15838,-14.75562,16.95,0.1,13.97,0.06,2.98,0.116619038
4346,5,296.33987,-14.89467,17.19,0.03,14.42,0.08,2.77,0.085440037
4362,5,296.254,-14.79534,16.28,0.06,14.48,0.1,1.8,0.116619038
4380,5,296.44891,-14.90462,16.89,0.05,14.7,0.11,2.19,0.12083046
4401,5,296.15694,-14.75571,17.06,0.09,13.91,0.05,3.15,0.102956301
4403,5,296.21344,-14.87995,16.59,0.08,13.81,0.1,2.78,0.128062485
4426,5,296.11631,-14.67289,17.08,0.08,14.34,0.03,2.74,0.085440037
4456,5,296.33387,-14.8988,16.39,0.09,14.67,0.08,1.72,0.120415946
4467,5,296.35824,-14.73996,16.57,0.09,14.5,0.07,2.07,0.114017543
4483,5,296.2664,-14.7796,16.53,0.06,14.53,0.08,2,0.1
4485,5,296.28598,-14.80457,16.14,0.14,12.76,0.02,3.38,0.141421356
4540,5,296.34634,-14.685,16.72,0.04,14.1,0.12,2.62,0.126491106
4587,5,296.14104,-14.70997,16.56,0.08,13.26,0.07,3.3,0.106301458
4605,5,296.13087,-14.69711,16.86,0.09,13.75,0.08,3.11,0.120415946
4668,5,296.32144,-14.63446,16.93,0.06,14.58,0.05,2.35,0.078102497
4673,5,296.24169,-14.79595,16.17,0.04,13.56,0.1,2.61,0.107703296
4676,5,296.29866,-14.72066,16.34,0.05,13.12,0.04,3.22,0.064031242
4690,5,296.13185,-14.74239,16.96,0.07,13.52,0.11,3.44,0.130384048
4705,5,296.08908,-14.96398,16.75,0.09,14.17,0.07,2.58,0.114017543
4736,5,296.24274,-14.83763,16.64,0.06,13.19,0.02,3.45,0.063245553
4745,5,296.13958,-14.70411,16.36,0.11,12.78,0.13,3.58,0.170293864
4760,5,296.29841,-14.72043,16.34,0.05,13.12,0.04,3.22,0.064031242
4776,5,296.34438,-14.89095,16.55,0.05,14.35,0.06,2.2,0.078102497
4840,5,296.13207,-14.78762,17.36,0.07,14.07,0.06,3.29,0.092195445
4848,5,296.13311,-14.70186,16.94,0.09,14.75,0.07,2.19,0.114017543
4877,5,296.23175,-14.84139,16.39,0.06,14.67,0.11,1.72,0.125299641
4885,5,296.15018,-14.83804,16.82,0.07,14.55,0.05,2.27,0.086023253
5018,5,296.41024,-14.76062,17.16,0.13,14.63,0.11,2.53,0.170293864
5026,5,296.31555,-14.6341,17.56,0.1,14.39,0.06,3.17,0.116619038
5052,5,296.39095,-14.74546,17.09,0.1,13.83,0.04,3.26,0.107703296
5077,5,296.25212,-14.79961,16.46,0.04,14.27,0.09,2.19,0.098488578
5118,5,296.13682,-14.81088,16.95,0.1,14.25,0.05,2.7,0.111803399
5219,5,296.22981,-14.84035,16.3,0.06,14.1,0.1,2.2,0.116619038
5235,5,296.33108,-14.83621,17.38,0.05,13.56,0.04,3.82,0.064031242
5237,5,296.24624,-14.79143,16.69,0.09,14.68,0.12,2.01,0.15
5243,5,296.06773,-14.9187,16.82,0.07,14.22,0.09,2.6,0.114017543
5286,5,296.2754,-14.80738,16.94,0.05,14.3,0.04,2.64,0.064031242
5315,5,296.22817,-14.81257,16.88,0.04,14.62,0.05,2.26,0.064031242
5317,5,296.23728,-14.79473,16.51,0.03,13.54,0.08,2.97,0.085440037
5331,5,296.26404,-14.77926,16.45,0.04,14.29,0.07,2.16,0.080622577
5339,5,296.35367,-14.74815,17.42,0.06,14.84,0.06,2.58,0.084852814
5364,5,296.27311,-14.71823,16.89,0.08,13.7,0.12,3.19,0.144222051
5372,5,296.24491,-14.79091,16.54,0.06,14.42,0.08,2.12,0.1
5388,5,296.25209,-14.76804,16.56,0.03,13.76,0.03,2.8,0.042426407
5410,5,296.0875,-14.9031,17.05,0.06,14.34,0.04,2.71,0.072111026
5417,5,296.40358,-14.68708,16.53,0.18,14.39,0.1,2.14,0.205912603
5429,5,296.36596,-14.66176,16.58,0.05,13.95,0.07,2.63,0.086023253
5436,5,296.3914,-14.74578,16.48,0.08,14.29,0.11,2.19,0.136014705
5441,5,296.15713,-14.75541,16.93,0.06,13.86,0.05,3.07,0.078102497
5444,5,296.2242,-14.93581,17.39,0.04,14.06,0.08,3.33,0.089442719
5449,5,296.20544,-14.88288,16.99,0.09,12.9,0.08,4.09,0.120415946
5469,5,296.40857,-14.78311,16.78,0.13,14.61,0.09,2.17,0.158113883
5517,5,296.44553,-14.90121,17.12,0.05,14.76,0.18,2.36,0.186815417
5533,5,296.20799,-14.87426,16.76,0.07,14.24,0.05,2.52,0.086023253
5543,5,296.27253,-14.72533,17.13,0.07,13.09,0.07,4.04,0.098994949
5555,5,296.09348,-14.7763,16.28,0.05,14.51,0.1,1.77,0.111803399
5560,5,296.42389,-14.89196,17.05,0.11,14.28,0.07,2.77,0.130384048
5570,5,296.12859,-14.96004,17.06,0.06,14.58,0.06,2.48,0.084852814
5673,5,296.2201,-14.8772,16.88,0.04,14.2,0.05,2.68,0.064031242
5814,5,296.27106,-14.72381,17.1,0.09,12.66,0.1,4.44,0.13453624
5820,5,296.23801,-14.79889,16.4,0.05,12.84,0.17,3.56,0.177200451
5848,5,296.18503,-14.86578,16.58,0.08,14.18,0.04,2.4,0.089442719
5853,5,296.21672,-14.72076,17.18,0.13,14.28,0.11,2.9,0.170293864
5854,5,296.33448,-14.91072,17.16,0.05,14.69,0.07,2.47,0.086023253
5866,5,296.13598,-14.71088,17.25,0.07,14.39,0.03,2.86,0.076157731
5870,5,296.26382,-14.78353,16.93,0.05,14.44,0.09,2.49,0.102956301
5882,5,296.35183,-14.90529,16.81,0.07,14.6,0.1,2.21,0.122065556
5900,5,296.13569,-14.70243,16.57,0.07,14.06,0.13,2.51,0.147648231
5913,5,296.21785,-14.72194,17.26,0.15,12.71,0.15,4.55,0.212132034
5933,5,296.36735,-14.74197,17.25,0.05,14.39,0.06,2.86,0.078102497
5941,5,296.13502,-14.74394,16.39,0.14,14.47,0.06,1.92,0.152315462
5949,5,296.24968,-14.78571,16.41,0.04,14.47,0.08,1.94,0.089442719
5959,5,296.11791,-14.80108,17.7,0.06,14.59,0.15,3.11,0.161554944
5993,5,296.19481,-14.84592,17.17,0.07,13.99,0.07,3.18,0.098994949
6029,5,296.05867,-14.89324,17.01,0.07,14.46,0.06,2.55,0.092195445
6064,5,296.22577,-14.70739,16.61,0.04,14.37,0.09,2.24,0.098488578
6102,5,296.44172,-14.86747,16.89,0.08,14.56,0.09,2.33,0.120415946
6181,5,296.2487,-14.78213,16.66,0.05,14.07,0.04,2.59,0.064031242
6200,5,296.39433,-14.65955,16.93,0.07,14.33,0.09,2.6,0.114017543
6240,5,296.23757,-14.70361,18.12,0.1,14.59,0.06,3.53,0.116619038
6258,5,296.41635,-14.76205,17.1,0.07,14.37,0.04,2.73,0.080622577
6288,5,296.20314,-14.87639,16.57,0.07,13.18,0.1,3.39,0.122065556
6309,5,296.22799,-14.95188,17.34,0.06,14.79,0.14,2.55,0.152315462
6420,5,296.24312,-14.79389,16.56,0.04,14.15,0.08,2.41,0.089442719
6421,5,296.13827,-14.72962,17.95,0.05,14.16,0.03,3.79,0.058309519
6577,5,296.37621,-14.6468,17.32,0.06,14.53,0.08,2.79,0.1
6581,5,296.21801,-14.85722,17.06,0.07,12.92,0.05,4.14,0.086023253
6584,5,296.13138,-14.69765,17.29,0.1,13.6,0.07,3.69,0.122065556
6597,5,296.24715,-14.799,16.83,0.06,14.19,0.07,2.64,0.092195445
6598,5,296.31094,-14.76437,17.42,0.09,14.42,0.06,3,0.108166538
6601,5,296.28331,-14.76125,17.3,0.07,14.39,0.05,2.91,0.086023253
6641,5,296.23308,-14.84187,16.73,0.06,13.7,0.09,3.03,0.108166538
6648,5,296.20061,-14.80555,17.68,0.14,14.57,0.08,3.11,0.161245155
6690,5,296.27165,-14.71777,17.21,0.13,14.37,0.1,2.84,0.164012195
6695,5,296.13054,-14.6965,17.21,0.13,13.59,0.1,3.62,0.164012195
6700,5,296.24342,-14.78678,16.81,0.07,13.97,0.08,2.84,0.106301458
6704,5,296.22763,-14.71035,16.99,0.09,14.57,0.08,2.42,0.120415946
6755,5,296.28976,-14.81373,17.19,0.07,14.12,0.05,3.07,0.086023253
6762,5,296.04945,-14.84182,17.82,0.17,14.8,0.08,3.02,0.187882942
6768,5,296.2755,-14.72357,17.16,0.09,13.54,0.11,3.62,0.142126704
6805,5,296.29805,-14.90914,17.38,0.07,14.42,0.07,2.96,0.098994949
6815,5,296.23903,-14.89639,16.57,0.2,14.12,0.05,2.45,0.206155281
6835,5,296.42406,-14.81561,17.93,0.17,14.65,0.07,3.28,0.183847763
6855,5,296.29229,-14.80642,16.81,0.04,13.81,0.03,3,0.05
6862,5,296.25159,-14.78449,16.73,0.05,14.66,0.1,2.07,0.111803399
6918,5,296.13527,-14.73248,17.02,0.06,14.59,0.06,2.43,0.084852814
6950,5,296.26195,-14.78381,16.73,0.07,14.52,0.07,2.21,0.098994949
6975,5,296.25181,-14.78694,17.54,0.1,14.66,0.07,2.88,0.122065556
6994,5,296.1233,-14.91156,16.93,0.08,14.2,0.03,2.73,0.085440037
7048,5,296.22415,-14.71858,17.06,0.07,13.19,0.1,3.87,0.122065556
7049,5,296.24002,-14.79479,16.7,0.04,13.5,0.1,3.2,0.107703296
7050,5,296.03997,-14.78269,17.62,0.15,14.87,0.06,2.75,0.161554944
7078,5,296.16284,-14.85613,16.78,0.07,12.93,0.06,3.85,0.092195445
7095,5,296.06964,-14.90924,17.15,0.04,14.77,0.09,2.38,0.098488578
7117,5,296.18826,-14.92653,16.83,0.07,14.3,0.08,2.53,0.106301458
7129,5,296.2323,-14.842,16.78,0.09,14.05,0.1,2.73,0.13453624
7174,5,296.21066,-14.88047,16.93,0.06,13.26,0.09,3.67,0.108166538
7193,5,296.38922,-14.68109,17.13,0.18,13.48,0.12,3.65,0.216333077
7233,5,296.21344,-14.7177,17.44,0.11,13.56,0.08,3.88,0.136014705
7267,5,296.41034,-14.76019,16.9,0.11,13.93,0.07,2.97,0.130384048
7270,5,296.36048,-14.74296,16.92,0.07,14.35,0.07,2.57,0.098994949
7292,5,296.19883,-14.87412,17.15,0.09,13.42,0.11,3.73,0.142126704
7297,5,296.35883,-14.68218,17.14,0.06,14.42,0.08,2.72,0.1
7303,5,296.21981,-14.72287,17.41,0.09,13.67,0.11,3.74,0.142126704
7320,5,296.22045,-14.7798,16.85,0.13,14.55,0.04,2.3,0.136014705
7441,5,296.25115,-14.76404,17.18,0.06,12.79,0.02,4.39,0.063245553
7445,5,296.22333,-14.71739,17.17,0.06,14.37,0.08,2.8,0.1
7465,5,296.13761,-14.70558,16.99,0.09,13.23,0.04,3.76,0.098488578
7483,5,296.11331,-14.90276,17.38,0.07,14.68,0.08,2.7,0.106301458
7518,5,296.14609,-14.92202,17.01,0.07,14.21,0.07,2.8,0.098994949
7571,5,296.30314,-14.73977,17.34,0.08,14.26,0.06,3.08,0.1
7575,5,296.26283,-14.78343,16.85,0.05,14.62,0.1,2.23,0.111803399
7591,5,296.24477,-14.92287,17.37,0.05,14.71,0.07,2.66,0.086023253
7603,5,296.20884,-14.8765,16.77,0.04,14.64,0.11,2.13,0.117046999
7618,5,296.25347,-14.89851,17.42,0.07,14.61,0.09,2.81,0.114017543
7626,5,296.24413,-14.79059,17.1,0.13,13.99,0.1,3.11,0.164012195
7660,5,296.07576,-14.73504,17.53,0.07,14.46,0.06,3.07,0.092195445
7665,5,296.23813,-14.79468,17.19,0.07,14.29,0.08,2.9,0.106301458
7716,5,296.26886,-14.71821,16.96,0.05,14.12,0.08,2.84,0.094339811
7796,5,296.21023,-14.88018,16.94,0.09,12.73,0.05,4.21,0.102956301
7809,5,296.20854,-14.85139,17.05,0.09,14.04,0.07,3.01,0.114017543
7831,5,296.1375,-14.79314,17.78,0.09,14.39,0.05,3.39,0.102956301
7887,5,296.12867,-14.7093,17.43,0.08,14.83,0.05,2.6,0.094339811
7939,5,296.28814,-14.80977,17.08,0.07,14.61,0.14,2.47,0.156524758
7979,5,296.40767,-14.66833,17.04,0.05,14.59,0.25,2.45,0.254950976
7988,5,296.20073,-14.7371,16.88,0.08,13.05,0.05,3.83,0.094339811
8088,5,296.1951,-14.77185,18.55,0.11,14.06,0.05,4.49,0.12083046
8104,5,296.28024,-14.87057,17.31,0.16,13.88,0.03,3.43,0.162788206
8145,5,296.04298,-14.80325,17.14,0.11,13.55,0.08,3.59,0.136014705
8191,5,296.20802,-14.88421,17.13,0.06,12.87,0.07,4.26,0.092195445
8220,5,296.28312,-14.80923,17.23,0.13,14.28,0.1,2.95,0.164012195
8232,5,296.1605,-14.86289,17.79,0.09,13.8,0.06,3.99,0.108166538
8250,5,296.19154,-14.77824,17.56,0.15,14.44,0.06,3.12,0.161554944
8288,5,296.24045,-14.79322,17.17,0.06,13.69,0.07,3.48,0.092195445
8392,5,296.16285,-14.95426,17.63,0.14,14.12,0.06,3.51,0.152315462
8403,5,296.24899,-14.79843,17.16,0.07,14.26,0.1,2.9,0.122065556
8418,5,296.25177,-14.79596,17.26,0.13,12.92,0.06,4.34,0.143178211
8442,5,296.23646,-14.70168,17.44,0.1,14.08,0.05,3.36,0.111803399
8468,5,296.27926,-14.72151,17.03,0.04,13.93,0.1,3.1,0.107703296
8473,5,296.2501,-14.79045,16.8,0.05,14.49,0.1,2.31,0.111803399
8496,5,296.24922,-14.80043,17.09,0.06,14.76,0.08,2.33,0.1
8498,5,296.22891,-14.85171,17.29,0.12,14.31,0.04,2.98,0.126491106
8508,5,296.21399,-14.88118,17.03,0.05,14.52,0.09,2.51,0.102956301
8547,5,296.23242,-14.84062,17.33,0.09,14.55,0.11,2.78,0.142126704
8626,5,296.4174,-14.82937,18.06,0.21,14.94,0.15,3.12,0.258069758
8637,5,296.2661,-14.78031,17.11,0.06,14.7,0.08,2.41,0.1
8648,5,296.21762,-14.71392,17.28,0.09,14.15,0.1,3.13,0.13453624
8656,5,296.12302,-14.91173,16.93,0.08,14.2,0.03,2.73,0.085440037
8699,5,296.27622,-14.72428,17.02,0.04,13.98,0.1,3.04,0.107703296
8720,5,296.22824,-14.75784,17.98,0.12,13.22,0.03,4.76,0.123693169
8728,5,296.22336,-14.72103,16.91,0.11,12.96,0.1,3.95,0.148660687
8733,5,296.28557,-14.81087,17.14,0.05,14.79,0.1,2.35,0.111803399
8773,5,296.20219,-14.73906,17.09,0.11,14.5,0.05,2.59,0.12083046
8786,5,296.23993,-14.78676,16.99,0.04,14.66,0.07,2.33,0.080622577
8788,5,296.28484,-14.8075,17.02,0.05,14.71,0.13,2.31,0.139283883
8805,5,296.25268,-14.79572,16.98,0.08,13.76,0.11,3.22,0.136014705
8807,5,296.21402,-14.82558,17.15,0.11,14.66,0.08,2.49,0.136014705
8816,5,296.04897,-14.70338,17.97,0.16,14.87,0.08,3.1,0.178885438
8836,5,296.20237,-14.87587,17.13,0.11,12.6,0.1,4.53,0.148660687
8899,5,296.40962,-14.67887,17.69,0.09,12.95,0.13,4.74,0.158113883
9030,5,296.26952,-14.71927,17.67,0.15,14.06,0.1,3.61,0.180277564
9065,5,296.17729,-14.84328,17.11,0.1,13.86,0.1,3.25,0.141421356
9078,5,296.26556,-14.78629,17.07,0.1,14.43,0.09,2.64,0.13453624
9080,5,296.25669,-14.80684,16.89,0.1,14.65,0.1,2.24,0.141421356
9100,5,296.37487,-14.63303,17.38,0.18,14.67,0.09,2.71,0.201246118
9131,5,296.22975,-14.72187,17.05,0.04,14.71,0.13,2.34,0.136014705
9132,5,296.24972,-14.81528,17.01,0.08,14.22,0.05,2.79,0.094339811
9208,5,296.27578,-14.93105,17.86,0.07,14.73,0.07,3.13,0.098994949
9213,5,296.27406,-14.80375,17.29,0.12,14.64,0.1,2.65,0.156204994
9218,5,296.14065,-14.71148,17.34,0.08,14.45,0.1,2.89,0.128062485
9245,5,296.22099,-14.71464,17.53,0.06,14.64,0.23,2.89,0.237697286
9304,5,296.06979,-14.84133,17.72,0.13,12.75,0.06,4.97,0.143178211
9326,5,296.22378,-14.71641,17.42,0.05,14.55,0.11,2.87,0.12083046
9372,5,296.19976,-14.87662,17.08,0.04,14.32,0.12,2.76,0.126491106
9392,5,296.1857,-14.80214,17.72,0.07,14.43,0.06,3.29,0.092195445
9420,5,296.20619,-14.88477,17.31,0.07,13.11,0.12,4.2,0.13892444
9433,5,296.24192,-14.74747,17.58,0.11,14.33,0.03,3.25,0.114017543
9445,5,296.28905,-14.8119,17.41,0.08,13.41,0.09,4,0.120415946
9486,5,296.21834,-14.81193,17.25,0.1,14.37,0.05,2.88,0.111803399
9492,5,296.23287,-14.8406,16.99,0.08,14.75,0.1,2.24,0.128062485
9552,5,296.2546,-14.81219,17.53,0.08,14.6,0.07,2.93,0.106301458
9571,5,296.24417,-14.78801,17.05,0.08,13.92,0.08,3.13,0.113137085
9610,5,296.19976,-14.80511,17.2,0.09,14.3,0.04,2.9,0.098488578
9614,5,296.08064,-14.96415,17.69,0.07,14.16,0.09,3.53,0.114017543
9638,5,296.24292,-14.79301,17.05,0.04,14.54,0.08,2.51,0.089442719
9645,5,296.25093,-14.79145,17.15,0.05,14.54,0.12,2.61,0.13
9656,5,296.25421,-14.7993,16.91,0.05,14.23,0.09,2.68,0.102956301
9702,5,296.20014,-14.87572,17.23,0.09,14.01,0.13,3.22,0.158113883
9738,5,296.23419,-14.80852,17.2,0.08,14.49,0.07,2.71,0.106301458
9772,5,296.20835,-14.8852,17.31,0.05,14.76,0.12,2.55,0.13
9790,5,296.17531,-14.72647,18.64,0.18,15.06,0.07,3.58,0.193132079
9821,5,296.24996,-14.82348,17.31,0.09,13.55,0.04,3.76,0.098488578
9870,5,296.20861,-14.87929,17.02,0.07,13.76,0.1,3.26,0.122065556
9874,5,296.24962,-14.79672,17.88,0.13,13.08,0.04,4.8,0.136014705
9902,5,296.24801,-14.7978,17.27,0.07,14.11,0.1,3.16,0.122065556
9914,5,296.20078,-14.81241,17.33,0.08,14.42,0.07,2.91,0.106301458
9983,5,296.12906,-14.69288,17.49,0.11,14.46,0.12,3.03,0.162788206
10003,5,296.24205,-14.79359,17.32,0.05,13.99,0.07,3.33,0.086023253
10006,5,296.28055,-14.74044,17.27,0.06,13.96,0.09,3.31,0.108166538
10070,5,296.23675,-14.79662,17.11,0.08,13.51,0.13,3.6,0.152643375
10125,5,296.21558,-14.71567,17.58,0.1,13.54,0.07,4.04,0.122065556
10130,5,296.21694,-14.71507,17.32,0.11,13.05,0.08,4.27,0.136014705
10162,5,296.1284,-14.73219,17.58,0.04,14.26,0.08,3.32,0.089442719
10179,5,296.26874,-14.71894,17.76,0.09,14.87,0.1,2.89,0.13453624
10213,5,296.25279,-14.80224,17.33,0.05,14.6,0.12,2.73,0.13
10214,5,296.25017,-14.76914,17.62,0.05,14.42,0.1,3.2,0.111803399
10310,5,296.13764,-14.70488,17.79,0.14,13.96,0.1,3.83,0.172046505
10339,5,296.13888,-14.92554,18.79,0.15,13.69,0.03,5.1,0.152970585
10366,5,296.26369,-14.78268,17.11,0.08,14.75,0.09,2.36,0.120415946
10383,5,296.24393,-14.78741,17.09,0.05,14.06,0.09,3.03,0.102956301
10410,5,296.16231,-14.85637,17.61,0.12,13.66,0.09,3.95,0.15
10432,5,296.22572,-14.72223,17.45,0.12,14.55,0.1,2.9,0.156204994
10484,5,296.27281,-14.71741,17.61,0.08,14.61,0.1,3,0.128062485
10610,5,296.24856,-14.79636,17.13,0.08,14.72,0.1,2.41,0.128062485
10759,5,296.24837,-14.79827,17.24,0.07,14.42,0.12,2.82,0.13892444
10838,5,296.25023,-14.78602,17.16,0.05,14.5,0.1,2.66,0.111803399
10857,5,296.35393,-14.81763,17.31,0.07,14.79,0.12,2.52,0.13892444
11027,5,296.28547,-14.90683,17.25,0.11,13.15,0.03,4.1,0.114017543
11060,5,296.12533,-14.78433,16.99,0.08,14.38,0.03,2.61,0.085440037
11061,5,296.22588,-14.72172,17.17,0.07,13.54,0.11,3.63,0.130384048
11099,5,296.27615,-14.72296,17.87,0.1,14.13,0.09,3.74,0.13453624
11114,5,296.23603,-14.79732,17.37,0.07,13.75,0.09,3.62,0.114017543
11184,5,296.2527,-14.76845,17.51,0.11,13.86,0.05,3.65,0.12083046
11191,5,296.24929,-14.79723,17.58,0.05,14.1,0.09,3.48,0.102956301
11259,5,296.21431,-14.87899,17.34,0.08,13.82,0.07,3.52,0.106301458
11314,5,296.27976,-14.79077,17.53,0.07,14.67,0.08,2.86,0.106301458
11472,5,296.39197,-14.74609,17.2,0.1,13.71,0.06,3.49,0.116619038
11526,5,296.2792,-14.79117,17.32,0.05,14.52,0.06,2.8,0.078102497
11623,5,296.14749,-14.68015,17.81,0.14,14.12,0.05,3.69,0.148660687
11721,5,296.38624,-14.90762,18.62,0.11,14.81,0.05,3.81,0.12083046
11746,5,296.27532,-14.72502,17.27,0.09,14.12,0.09,3.15,0.127279221
11807,5,296.23056,-14.83851,17.35,0.06,14.82,0.09,2.53,0.108166538
11837,5,296.23637,-14.80952,17.14,0.07,14.77,0.05,2.37,0.086023253
11849,5,296.27281,-14.94475,18.13,0.07,14.99,0.22,3.14,0.230867928
11858,5,296.25397,-14.79386,17.06,0.09,14.63,0.12,2.43,0.15
11887,5,296.2445,-14.74691,17.67,0.13,13.28,0.09,4.39,0.158113883
11890,5,296.07521,-14.96267,17.79,0.06,14.91,0.12,2.88,0.134164079
11928,5,296.22981,-14.8438,17.46,0.06,14.67,0.07,2.79,0.092195445
11963,5,296.27649,-14.80135,17.5,0.15,13.73,0.11,3.77,0.186010752
11965,5,296.16287,-14.85717,17.38,0.1,14.68,0.14,2.7,0.172046505
11984,5,296.25078,-14.73674,17.55,0.07,13.65,0.04,3.9,0.080622577
11986,5,296.23503,-14.79336,16.92,0.13,14.53,0.08,2.39,0.152643375
12000,5,296.21838,-14.71501,17.49,0.11,13.72,0.07,3.77,0.130384048
12001,5,296.22617,-14.70989,17.49,0.07,14.25,0.08,3.24,0.106301458
12043,5,296.21417,-14.79689,17.34,0.07,14.73,0.07,2.61,0.098994949
12058,5,296.20091,-14.8756,17.66,0.14,12.93,0.11,4.73,0.178044938
12081,5,296.25099,-14.73725,16.9,0.13,13.8,0.03,3.1,0.133416641
12175,5,296.12556,-14.80949,17.75,0.09,14.92,0.1,2.83,0.13453624
12182,5,296.13687,-14.70293,18.06,0.12,14.89,0.1,3.17,0.156204994
12191,5,296.24799,-14.74481,17.65,0.26,14.55,0.05,3.1,0.264764046
12239,5,296.2622,-14.78299,17.47,0.07,14.05,0.09,3.42,0.114017543
12368,5,296.20078,-14.73786,17.85,0.1,14.42,0.09,3.43,0.13453624
12397,5,296.2467,-14.79945,17.56,0.06,14.29,0.05,3.27,0.078102497
12404,5,296.07836,-14.72605,17.72,0.25,14.81,0.08,2.91,0.262488095
12418,5,296.1409,-14.70923,17.78,0.08,14.68,0.07,3.1,0.106301458
12490,5,296.22361,-14.71803,17.84,0.11,13.73,0.11,4.11,0.155563492
12534,5,296.20274,-14.73843,17.65,0.13,14.57,0.07,3.08,0.147648231
12573,5,296.07748,-14.8806,17.9,0.11,13.78,0.05,4.12,0.12083046
12674,5,296.24209,-14.79031,17.37,0.07,14.6,0.07,2.77,0.098994949
12698,5,296.22205,-14.71689,17.74,0.12,13.85,0.1,3.89,0.156204994
12722,5,296.24554,-14.78824,17.49,0.09,14.63,0.06,2.86,0.108166538
12806,5,296.16914,-14.86537,18.23,0.14,14.83,0.07,3.4,0.156524758
12900,5,296.36604,-14.78532,17.44,0.07,14.75,0.07,2.69,0.098994949
12914,5,296.26418,-14.72362,17.99,0.11,14.83,0.1,3.16,0.148660687
12944,5,296.24482,-14.78748,17.29,0.07,14.27,0.08,3.02,0.106301458
13055,5,296.25576,-14.80814,17.42,0.05,14.33,0.09,3.09,0.102956301
13057,5,296.21377,-14.8782,17.4,0.05,13.33,0.07,4.07,0.086023253
13075,5,296.24864,-14.79783,17.29,0.08,13.9,0.09,3.39,0.120415946
13093,5,296.32363,-14.81555,17.71,0.09,14.82,0.08,2.89,0.120415946
13161,5,296.21168,-14.88365,17.91,0.09,13.69,0.11,4.22,0.142126704
13248,5,296.16424,-14.85706,17.83,0.12,13.88,0.08,3.95,0.144222051
13252,5,296.06624,-14.76476,17.09,0.11,14.69,0.11,2.4,0.155563492
13292,5,296.24792,-14.78434,18.06,0.14,14.7,0.12,3.36,0.184390889
13338,5,296.24515,-14.90815,17.63,0.17,13.37,0.02,4.26,0.171172428
13535,5,296.25406,-14.89852,17.69,0.07,14.89,0.1,2.8,0.122065556
13642,5,296.198,-14.87647,17.47,0.06,14.78,0.12,2.69,0.134164079
13690,5,296.09556,-14.90276,17.75,0.07,14.6,0.09,3.15,0.114017543
13748,5,296.2521,-14.79525,17.73,0.12,13.11,0.09,4.62,0.15
13782,5,296.12886,-14.69476,18.03,0.14,14.02,0.08,4.01,0.161245155
13848,5,296.12899,-14.7866,18.28,0.1,14.77,0.19,3.51,0.214709106
13904,5,296.18339,-14.77957,18.28,0.07,14.84,0.06,3.44,0.092195445
13916,5,296.25016,-14.80836,17.45,0.07,14.83,0.08,2.62,0.106301458
13930,5,296.26299,-14.78714,17.74,0.08,14.29,0.06,3.45,0.1
14261,5,296.20271,-14.88285,17.43,0.08,14.75,0.1,2.68,0.128062485
14276,5,296.1602,-14.85674,17.81,0.05,14.28,0.1,3.53,0.111803399
14300,5,296.25097,-14.80634,18.14,0.12,14.98,0.11,3.16,0.162788206
14594,5,296.20889,-14.88167,17.59,0.12,13.65,0.13,3.94,0.17691806
14607,5,296.18455,-14.86678,17.6,0.07,13.46,0.05,4.14,0.086023253
14668,5,296.2349,-14.81023,17.81,0.09,14.48,0.09,3.33,0.127279221
14777,5,296.18712,-14.7965,17.9,0.11,14.06,0.04,3.84,0.117046999
14828,5,296.22512,-14.71736,17.89,0.07,14.15,0.09,3.74,0.114017543
15062,5,296.29675,-14.69061,18.17,0.08,14.53,0.05,3.64,0.094339811
15064,5,296.24548,-14.82495,17.45,0.07,13.34,0.06,4.11,0.092195445
15183,5,296.19118,-14.84707,17.34,0.28,14.78,0.07,2.56,0.288617394
15280,5,296.29245,-14.80731,18.07,0.11,12.73,0.01,5.34,0.11045361
15342,5,296.29117,-14.83459,17.91,0.07,13.35,0.04,4.56,0.080622577
15390,5,296.2344,-14.94875,17.73,0.09,14.4,0.2,3.33,0.219317122
15458,5,296.20065,-14.87101,17.86,0.07,14.91,0.12,2.95,0.13892444
15516,5,296.17561,-14.7265,17.59,0.07,14.86,0.08,2.73,0.106301458
15569,5,296.2479,-14.80012,17.92,0.09,14.95,0.11,2.97,0.142126704
15667,5,296.25147,-14.79187,17.7,0.14,13.38,0.05,4.32,0.148660687
15762,5,296.15416,-14.75015,17.99,0.08,14.42,0.05,3.57,0.094339811
15823,5,296.26553,-14.77906,17.76,0.11,14.8,0.11,2.96,0.155563492
16168,5,296.23318,-14.79291,17.99,0.13,13.57,0.06,4.42,0.143178211
16172,5,296.24811,-14.79932,17.57,0.1,14.47,0.07,3.1,0.122065556
16329,5,296.26283,-14.78158,18.04,0.11,14.78,0.12,3.26,0.162788206
16449,5,296.25345,-14.80207,17.77,0.09,14.83,0.12,2.94,0.15
16510,5,296.24931,-14.78994,17.48,0.06,13.59,0.03,3.89,0.067082039
16534,5,296.24253,-14.78976,17.45,0.1,14.47,0.09,2.98,0.13453624
16675,5,296.19927,-14.87573,17.92,0.1,14.57,0.08,3.35,0.128062485
16702,5,296.13771,-14.70678,18.21,0.11,14.94,0.09,3.27,0.142126704
16826,5,296.22005,-14.72349,18.3,0.08,12.67,0.11,5.63,0.136014705
16842,5,296.26603,-14.72659,17.88,0.13,14.04,0.09,3.84,0.158113883
16875,5,296.29413,-14.88529,17.84,0.12,14.55,0.06,3.29,0.134164079
16881,5,296.27747,-14.72199,18.01,0.09,14.59,0.08,3.42,0.120415946
16894,5,296.21611,-14.7148,17.72,0.07,13.37,0.08,4.35,0.106301458
16937,5,296.14774,-14.68641,18.51,0.11,14.82,0.06,3.69,0.125299641
16978,5,296.25698,-14.76903,17.99,0.09,14.76,0.11,3.23,0.142126704
16991,5,296.29879,-14.81438,18.31,0.1,14.69,0.07,3.62,0.122065556
17047,5,296.25805,-14.73783,18.01,0.07,14.9,0.07,3.11,0.098994949
17114,5,296.21234,-14.8772,17.96,0.1,13.74,0.2,4.22,0.223606798
17140,5,296.25034,-14.78488,17.61,0.1,14.34,0.11,3.27,0.148660687
17218,5,296.25018,-14.84231,17.51,0.04,14.67,0.04,2.84,0.056568542
17336,5,296.13139,-14.69971,18.18,0.13,14.97,0.07,3.21,0.147648231
17348,5,296.19574,-14.78746,17.89,0.09,13.88,0.03,4.01,0.09486833
17415,5,296.27994,-14.73858,17.92,0.1,14.86,0.1,3.06,0.141421356
17558,5,296.142,-14.73349,18.2,0.08,14.45,0.06,3.75,0.1
17634,5,296.20152,-14.87649,18.14,0.15,13.32,0.12,4.82,0.192093727
17676,5,296.32881,-14.76142,19.67,0.26,15.01,0.12,4.66,0.286356421
17821,5,296.20144,-14.87295,18.18,0.12,13.94,0.16,4.24,0.2
17966,5,296.22136,-14.72546,18.34,0.11,14.5,0.08,3.84,0.136014705
18129,5,296.26407,-14.7263,17.89,0.1,14.69,0.07,3.2,0.122065556
18255,5,296.24327,-14.79569,17.75,0.1,14.56,0.12,3.19,0.156204994
18262,5,296.27359,-14.78697,18.11,0.16,14.8,0.07,3.31,0.174642492
18272,5,296.20204,-14.78636,18.15,0.09,13.98,0.04,4.17,0.098488578
18327,5,296.2477,-14.73442,18.29,0.15,14.58,0.06,3.71,0.161554944
18348,5,296.24275,-14.79494,17.63,0.12,13.69,0.08,3.94,0.144222051
18530,5,296.27939,-14.72054,18.3,0.12,14.02,0.1,4.28,0.156204994
18557,5,296.14466,-14.70886,18.15,0.15,14.28,0.07,3.87,0.165529454
18626,5,296.22131,-14.72307,17.97,0.06,14.14,0.1,3.83,0.116619038
18811,5,296.27656,-14.72164,18.05,0.14,14.7,0.08,3.35,0.161245155
18835,5,296.28097,-14.80928,18.08,0.08,14,0.04,4.08,0.089442719
18896,5,296.44209,-14.87392,17.81,0.07,14.55,0.13,3.26,0.147648231
19111,5,296.04821,-14.68252,18.83,0.1,14.97,0.08,3.86,0.128062485
19348,5,296.11793,-14.80291,18.5,0.1,14.84,0.09,3.66,0.13453624
19354,5,296.24593,-14.78876,18.13,0.08,14.74,0.12,3.39,0.144222051
19365,5,296.25263,-14.80049,17.58,0.14,13.77,0.08,3.81,0.161245155
19369,5,296.12632,-14.8088,17.18,0.13,14.62,0.09,2.56,0.158113883
19391,5,296.22984,-14.70843,18.24,0.11,14.65,0.08,3.59,0.136014705
19398,5,296.2982,-14.81604,17.81,0.1,14.93,0.08,2.88,0.128062485
19541,5,296.25454,-14.71078,18.7,0.12,14.6,0.06,4.1,0.134164079
19575,5,296.13753,-14.92897,18.35,0.06,14.93,0.13,3.42,0.143178211
19623,5,296.20462,-14.88183,17.89,0.11,13.85,0.12,4.04,0.162788206
19696,5,296.1471,-14.7928,17.9,0.08,13.63,0.03,4.27,0.085440037
19859,5,296.21975,-14.71335,18.68,0.11,14.19,0.13,4.49,0.170293864
19944,5,296.23158,-14.83871,17.95,0.1,14.52,0.09,3.43,0.13453624
20017,5,296.25082,-14.79091,17.8,0.06,14.84,0.12,2.96,0.134164079
20116,5,296.24325,-14.79144,17.99,0.07,14.44,0.06,3.55,0.092195445
20515,5,296.23708,-14.75389,18.01,0.09,14.32,0.06,3.69,0.108166538
20584,5,296.29799,-14.81098,18.54,0.1,15.03,0.08,3.51,0.128062485
20593,5,296.29482,-14.88445,18.09,0.1,14.27,0.06,3.82,0.116619038
20644,5,296.14645,-14.71006,18.18,0.1,15,0.1,3.18,0.141421356
20668,5,296.24525,-14.8266,17.93,0.08,14.6,0.1,3.33,0.128062485
20932,5,296.1274,-14.80679,19.05,0.16,14.67,0.09,4.38,0.183575598
20944,5,296.23207,-14.84341,18.23,0.09,14.51,0.07,3.72,0.114017543
20976,5,296.20996,-14.80325,18.2,0.16,14.95,0.09,3.25,0.183575598
20980,5,296.20762,-14.8015,17.94,0.08,14.24,0.04,3.7,0.089442719
20990,5,296.24414,-14.78885,18.54,0.12,14.4,0.11,4.14,0.162788206
21006,5,296.20281,-14.82849,18.3,0.18,14.45,0.06,3.85,0.18973666
21086,5,296.22746,-14.7177,18.33,0.11,14.64,0.09,3.69,0.142126704
21356,5,296.25802,-14.78035,18.22,0.07,14.83,0.09,3.39,0.114017543
21434,5,296.21292,-14.71632,18.65,0.14,14.64,0.09,4.01,0.16643317
21605,5,296.12396,-14.94514,18.03,0.15,14,0.11,4.03,0.186010752
21735,5,296.21411,-14.71492,18.29,0.1,14.59,0.06,3.7,0.116619038
21738,5,296.23648,-14.79524,18,0.07,13.76,0.1,4.24,0.122065556
21764,5,296.26648,-14.74185,18.36,0.11,14.41,0.11,3.95,0.155563492
21967,5,296.24233,-14.791,18.16,0.1,14.69,0.07,3.47,0.122065556
22136,5,296.27856,-14.72422,18.06,0.08,14.26,0.1,3.8,0.128062485
22295,5,296.26552,-14.74086,18.39,0.12,15.03,0.13,3.36,0.17691806
22296,5,296.21456,-14.78472,18.57,0.27,14.92,0.07,3.65,0.278926514
22731,5,296.14736,-14.70783,18.9,0.17,15.12,0.1,3.78,0.197230829
22937,5,296.13458,-14.78812,18.28,0.1,13.79,0.07,4.49,0.122065556
22967,5,296.21822,-14.87858,18.02,0.09,13.99,0.06,4.03,0.108166538
22989,5,296.26467,-14.74123,18.49,0.12,14.7,0.08,3.79,0.144222051
23112,5,296.07979,-14.96298,18.65,0.13,14.92,0.11,3.73,0.170293864
23122,5,296.17928,-14.84299,18.3,0.1,14.28,0.13,4.02,0.164012195
23157,5,296.24227,-14.77763,18.36,0.1,15.03,0.08,3.33,0.128062485
23172,5,296.2148,-14.8799,18.6,0.08,14.6,0.11,4,0.136014705
23301,5,296.09884,-14.95209,19.72,0.24,15.08,0.15,4.64,0.283019434
23351,5,296.22655,-14.72026,18.31,0.12,13.41,0.08,4.9,0.144222051
23582,5,296.25723,-14.77901,18.55,0.08,15.05,0.12,3.5,0.144222051
23605,5,296.22739,-14.70818,18.27,0.06,15,0.09,3.27,0.108166538
23750,5,296.17747,-14.83991,18.71,0.11,14.28,0.16,4.43,0.194164878
24053,5,296.17052,-14.95883,19.15,0.13,12.89,0.08,6.26,0.152643375
24104,5,296.15971,-14.85812,18.49,0.12,14.97,0.1,3.52,0.156204994
24292,5,296.26992,-14.78329,18.02,0.09,14.95,0.07,3.07,0.114017543
24519,5,296.07559,-14.97132,18,0.09,14.89,0.11,3.11,0.142126704
24546,5,296.4173,-14.88497,19.61,0.27,15.23,0.14,4.38,0.304138127
24556,5,296.2193,-14.87464,18.39,0.08,14.68,0.07,3.71,0.106301458
24650,5,296.20761,-14.88045,17.87,0.1,13.77,0.14,4.1,0.172046505
24730,5,296.12743,-14.88397,18.8,0.13,14.64,0.15,4.16,0.198494332
24768,5,296.12267,-14.68918,18.77,0.13,14.86,0.1,3.91,0.164012195
24771,5,296.31294,-14.63595,18.48,0.15,14.98,0.07,3.5,0.165529454
24822,5,296.16687,-14.86725,19.11,0.14,14.79,0.06,4.32,0.152315462
24965,5,296.17532,-14.84011,18.44,0.09,14.91,0.11,3.53,0.142126704
25050,5,296.21492,-14.88202,18.24,0.08,14.93,0.12,3.31,0.144222051
25128,5,296.13476,-14.70564,18.19,0.08,13.76,0.06,4.43,0.1
25131,5,296.44123,-14.87335,19.3,0.22,14.16,0.13,5.14,0.255538647
25268,5,296.20007,-14.88375,18.34,0.08,14.89,0.09,3.45,0.120415946
25334,5,296.21219,-14.87639,18.38,0.1,14.21,0.08,4.17,0.128062485
25374,5,296.23614,-14.95161,18.36,0.07,13.28,0.26,5.08,0.26925824
25411,5,296.25846,-14.71994,18.41,0.1,14.77,0.09,3.64,0.13453624
25679,5,296.20128,-14.7333,18.59,0.15,14.84,0.06,3.75,0.161554944
25693,5,296.20389,-14.88385,18.39,0.11,13.99,0.09,4.4,0.142126704
25739,5,296.18771,-14.76614,18.92,0.16,14.94,0.09,3.98,0.183575598
25809,5,296.20854,-14.86563,18.62,0.12,15.04,0.08,3.58,0.144222051
25916,5,296.24362,-14.83752,18.09,0.1,14.13,0.04,3.96,0.107703296
26553,5,296.27771,-14.72403,18.7,0.1,14.61,0.11,4.09,0.148660687
26576,5,296.28106,-14.72128,18.76,0.15,14.81,0.1,3.95,0.180277564
26736,5,296.22418,-14.70758,18.74,0.11,15.1,0.1,3.64,0.148660687
27210,5,296.13876,-14.69934,18.68,0.11,14.84,0.08,3.84,0.136014705
27286,5,296.25089,-14.79604,18.28,0.11,13.34,0.09,4.94,0.142126704
27311,5,296.20013,-14.88164,18.8,0.16,14.6,0.09,4.2,0.183575598
27333,5,296.27105,-14.71594,19.68,0.22,14.56,0.11,5.12,0.245967478
27631,5,296.20394,-14.87732,18.74,0.1,14.93,0.12,3.81,0.156204994
27732,5,296.22615,-14.71693,18.59,0.15,14.46,0.09,4.13,0.174928557
27804,5,296.16813,-14.86836,18.81,0.11,14.88,0.07,3.93,0.130384048
28042,5,296.26897,-14.71776,18.64,0.15,14.48,0.12,4.16,0.192093727
28204,5,296.19944,-14.78525,18.82,0.17,15.01,0.07,3.81,0.183847763
28211,5,296.05902,-14.7746,18.77,0.16,14.82,0.09,3.95,0.183575598
28304,5,296.20423,-14.85454,19.29,0.16,14.96,0.09,4.33,0.183575598
28612,5,296.05034,-14.78443,19.19,0.17,15.19,0.1,4,0.197230829
28767,5,296.21312,-14.88378,18.59,0.13,13.89,0.12,4.7,0.17691806
28921,5,296.13078,-14.69334,19.05,0.16,14.89,0.1,4.16,0.188679623
28976,5,296.20509,-14.87409,19.05,0.14,14.8,0.16,4.25,0.212602916
29113,5,296.26134,-14.81374,18.66,0.08,13.39,0.03,5.27,0.085440037
29124,5,296.25484,-14.84937,19.54,0.2,15.14,0.29,4.4,0.352278299
29556,5,296.30968,-14.8656,19.05,0.22,14.96,0.1,4.09,0.241660919
29601,5,296.196,-14.82446,18.78,0.15,14.26,0.07,4.52,0.165529454
30393,5,296.05408,-14.73054,19.17,0.18,15.09,0.1,4.08,0.205912603